Oklahoma City Thunder,Miami Heat,Home
Oklahoma City Thunder,Miami Heat,Visiting
Oklahoma City Thunder,Miami Heat,Home
Miami Heat,Oklahoma City Thunder,Home
Miami Heat,Oklahoma City Thunder,Visiting
Boston Celtics,Miami Heat,Visiting
Miami Heat,Boston Celtics,Visiting
San Antonio Spurs,Oklahoma City Thunder,Visiting
Boston Celtics,Miami Heat,Visiting
Oklahoma City Thunder,San Antonio Spurs,Visiting
Miami Heat,Boston Celtics,Home
San Antonio Spurs,Oklahoma City Thunder,Home
Miami Heat,Boston Celtics,Visiting
San Antonio Spurs,Oklahoma City Thunder,Visiting
Boston Celtics,Miami Heat,Home
Oklahoma City Thunder,San Antonio Spurs,Home
Boston Celtics,Miami Heat,Home
Oklahoma City Thunder,San Antonio Spurs,Visiting
Philadelphia 76ers,Boston Celtics,Home
Miami Heat,Indiana Pacers,Home
Boston Celtics,Philadelphia 76ers,Home
Indiana Pacers,Miami Heat,Visiting
Los Angeles Lakers,Oklahoma City Thunder,Visiting
Philadelphia 76ers,Boston Celtics,Visiting
San Antonio Spurs,Los Angeles Clippers,Home
Miami Heat,Indiana Pacers,Home
Oklahoma City Thunder,Los Angeles Lakers,Visiting
San Antonio Spurs,Los Angeles Clippers,Visiting
Boston Celtics,Philadelphia 76ers,Home
Oklahoma City Thunder,Los Angeles Lakers,Home
Los Angeles Clippers,San Antonio Spurs,Visiting
Miami Heat,Indiana Pacers,Home
Boston Celtics,Philadelphia 76ers,Home
Los Angeles Lakers,Oklahoma City Thunder,Home
Los Angeles Clippers,San Antonio Spurs,Visiting
Indiana Pacers,Miami Heat,Visiting
Los Angeles Lakers,Oklahoma City Thunder,Visiting
Philadelphia 76ers,Boston Celtics,Visiting
Indiana Pacers,Miami Heat,Home
Los Angeles Clippers,Memphis Grizzlies,Visiting
Denver Nuggets,Los Angeles Lakers,Home
Philadelphia 76ers,Boston Celtics,Home
Memphis Grizzlies,Los Angeles Clippers,Visiting
Chicago Bulls,Philadelphia 76ers,Home
Los Angeles Lakers,Denver Nuggets,Visiting
Atlanta Hawks,Boston Celtics,Home
New York Knicks,Miami Heat,Visiting
Los Angeles Clippers,Memphis Grizzlies,Home
Denver Nuggets,Los Angeles Lakers,Home
Orlando Magic,Indiana Pacers,Visiting
Philadelphia 76ers,Chicago Bulls,Home
Boston Celtics,Atlanta Hawks,Home
San Antonio Spurs,Utah Jazz,Visiting
Memphis Grizzlies,Los Angeles Clippers,Visiting
Chicago Bulls,Philadelphia 76ers,Home
Miami Heat,New York Knicks,Home
Los Angeles Lakers,Denver Nuggets,Visiting
Atlanta Hawks,Boston Celtics,Visiting
San Antonio Spurs,Utah Jazz,Home
Indiana Pacers,Orlando Magic,Home
Memphis Grizzlies,Los Angeles Clippers,Home
Oklahoma City Thunder,Dallas Mavericks,Home
Chicago Bulls,Philadelphia 76ers,Home
Los Angeles Lakers,Denver Nuggets,Home
Atlanta Hawks,Boston Celtics,Home
Miami Heat,New York Knicks,Visiting
Oklahoma City Thunder,Dallas Mavericks,Visiting
Utah Jazz,San Antonio Spurs,Visiting
Indiana Pacers,Orlando Magic,Visiting
Los Angeles Clippers,Memphis Grizzlies,Visiting
Denver Nuggets,Los Angeles Lakers,Home
Philadelphia 76ers,Chicago Bulls,Home
Boston Celtics,Atlanta Hawks,Visiting
Dallas Mavericks,Oklahoma City Thunder,Visiting
New York Knicks,Miami Heat,Visiting
Orlando Magic,Indiana Pacers,Home
Utah Jazz,San Antonio Spurs,Visiting
Los Angeles Clippers,Memphis Grizzlies,Visiting
Denver Nuggets,Los Angeles Lakers,Visiting
Boston Celtics,Atlanta Hawks,Home
Dallas Mavericks,Oklahoma City Thunder,Home
New York Knicks,Miami Heat,Visiting
Orlando Magic,Indiana Pacers,Visiting
Philadelphia 76ers,Chicago Bulls,Visiting
Miami Heat,Washington Wizards,Visiting
Portland Trail Blazers,Utah Jazz,Home
New Jersey Nets,Toronto Raptors,Home
Los Angeles Lakers,Sacramento Kings,Visiting
Denver Nuggets,Minnesota Timberwolves,Visiting
Orlando Magic,Memphis Grizzlies,Home
New Orleans Hornets,Houston Rockets,Home
San Antonio Spurs,Golden State Warriors,Visiting
Philadelphia 76ers,Detroit Pistons,Visiting
Cleveland Cavaliers,Chicago Bulls,Visiting
New York Knicks,Charlotte Bobcats,Home
Milwaukee Bucks,Boston Celtics,Home
Dallas Mavericks,Atlanta Hawks,Visiting
San Antonio Spurs,Phoenix Suns,Visiting
Charlotte Bobcats,Orlando Magic,Visiting
Denver Nuggets,Oklahoma City Thunder,Visiting
Los Angeles Clippers,New York Knicks,Home
Philadelphia 76ers,Milwaukee Bucks,Visiting
Chicago Bulls,Indiana Pacers,Visiting
Washington Wizards,Cleveland Cavaliers,Visiting
Phoenix Suns,Utah Jazz,Visiting
Sacramento Kings,Oklahoma City Thunder,Home
New Orleans Hornets,Golden State Warriors,Visiting
Miami Heat,Boston Celtics,Home
Los Angeles Clippers,Atlanta Hawks,Home
Charlotte Bobcats,Washington Wizards,Visiting
Portland Trail Blazers,San Antonio Spurs,Visiting
Philadelphia 76ers,New Jersey Nets,Home
Toronto Raptors,Milwaukee Bucks,Home
Cleveland Cavaliers,Memphis Grizzlies,Home
Detroit Pistons,Indiana Pacers,Visiting
Cleveland Cavaliers,San Antonio Spurs,Visiting
Golden State Warriors,Minnesota Timberwolves,Visiting
Houston Rockets,Miami Heat,Home
Oklahoma City Thunder,Los Angeles Lakers,Home
New Orleans Hornets,Los Angeles Clippers,Visiting
Toronto Raptors,Detroit Pistons,Home
Orlando Magic,Denver Nuggets,Visiting
Sacramento Kings,Charlotte Bobcats,Home
New York Knicks,Atlanta Hawks,Visiting
Orlando Magic,Utah Jazz,Home
Denver Nuggets,Phoenix Suns,Visiting
New Jersey Nets,Milwaukee Bucks,Visiting
Washington Wizards,Miami Heat,Visiting
Portland Trail Blazers,Memphis Grizzlies,Home
Philadelphia 76ers,Indiana Pacers,Visiting
Golden State Warriors,Houston Rockets,Home
Dallas Mavericks,Chicago Bulls,Home
Los Angeles Lakers,San Antonio Spurs,Visiting
Oklahoma City Thunder,Sacramento Kings,Home
Golden State Warriors,Dallas Mavericks,Visiting
New York Knicks,Cleveland Cavaliers,Home
Memphis Grizzlies,Charlotte Bobcats,Visiting
Boston Celtics,Atlanta Hawks,Home
Los Angeles Clippers,Phoenix Suns,Home
Houston Rockets,New Orleans Hornets,Visiting
Chicago Bulls,Miami Heat,Home
Milwaukee Bucks,Indiana Pacers,Home
Minnesota Timberwolves,Detroit Pistons,Visiting
Milwaukee Bucks,Washington Wizards,Home
San Antonio Spurs,Sacramento Kings,Visiting
Utah Jazz,Portland Trail Blazers,Home
Oklahoma City Thunder,Phoenix Suns,Home
New York Knicks,New Jersey Nets,Home
Toronto Raptors,Miami Heat,Home
New Orleans Hornets,Memphis Grizzlies,Visiting
Los Angeles Lakers,Golden State Warriors,Visiting
Los Angeles Clippers,Denver Nuggets,Home
Houston Rockets,Dallas Mavericks,Home
Philadelphia 76ers,Cleveland Cavaliers,Home
Chicago Bulls,Charlotte Bobcats,Home
Orlando Magic,Boston Celtics,Visiting
Detroit Pistons,Atlanta Hawks,Visiting
Indiana Pacers,Philadelphia 76ers,Home
Boston Celtics,New York Knicks,Home
Memphis Grizzlies,Minnesota Timberwolves,Visiting
San Antonio Spurs,Los Angeles Lakers,Home
Cleveland Cavaliers,Detroit Pistons,Visiting
Dallas Mavericks,Utah Jazz,Home
Atlanta Hawks,Toronto Raptors,Home
Portland Trail Blazers,Phoenix Suns,Home
Philadelphia 76ers,Orlando Magic,Home
Miami Heat,New Jersey Nets,Home
Oklahoma City Thunder,Los Angeles Clippers,Home
Minnesota Timberwolves,Indiana Pacers,Visiting
Denver Nuggets,Houston Rockets,Visiting
San Antonio Spurs,Golden State Warriors,Home
Washington Wizards,Chicago Bulls,Visiting
New Orleans Hornets,Charlotte Bobcats,Visiting
Portland Trail Blazers,Sacramento Kings,Home
Miami Heat,New York Knicks,Visiting
Memphis Grizzlies,New Orleans Hornets,Home
Dallas Mavericks,Los Angeles Lakers,Home
Chicago Bulls,Detroit Pistons,Home
Houston Rockets,Denver Nuggets,Visiting
Orlando Magic,Cleveland Cavaliers,Home
Boston Celtics,Charlotte Bobcats,Visiting
Toronto Raptors,Atlanta Hawks,Home
Cleveland Cavaliers,Washington Wizards,Visiting
Phoenix Suns,San Antonio Spurs,Visiting
Boston Celtics,New Jersey Nets,Visiting
Oklahoma City Thunder,Minnesota Timberwolves,Visiting
Indiana Pacers,Milwaukee Bucks,Home
Utah Jazz,Memphis Grizzlies,Visiting
Golden State Warriors,Los Angeles Clippers,Home
Boston Celtics,Toronto Raptors,Home
Dallas Mavericks,Portland Trail Blazers,Visiting
New Jersey Nets,Philadelphia 76ers,Visiting
Atlanta Hawks,Orlando Magic,Home
Sacramento Kings,Oklahoma City Thunder,Visiting
Washington Wizards,New York Knicks,Visiting
Utah Jazz,New Orleans Hornets,Home
Charlotte Bobcats,Miami Heat,Visiting
Denver Nuggets,Los Angeles Lakers,Visiting
Cleveland Cavaliers,Indiana Pacers,Visiting
Phoenix Suns,Houston Rockets,Visiting
Milwaukee Bucks,Detroit Pistons,Home
Memphis Grizzlies,San Antonio Spurs,Visiting
Los Angeles Clippers,Minnesota Timberwolves,Visiting
Dallas Mavericks,Golden State Warriors,Visiting
Miami Heat,Chicago Bulls,Home
Detroit Pistons,Charlotte Bobcats,Home
Philadelphia 76ers,Toronto Raptors,Visiting
Los Angeles Lakers,San Antonio Spurs,Visiting
Golden State Warriors,Portland Trail Blazers,Home
Los Angeles Clippers,Oklahoma City Thunder,Home
Sacramento Kings,New Orleans Hornets,Visiting
New York Knicks,Milwaukee Bucks,Visiting
Phoenix Suns,Memphis Grizzlies,Visiting
Utah Jazz,Houston Rockets,Home
Minnesota Timberwolves,Denver Nuggets,Home
Indiana Pacers,Cleveland Cavaliers,Home
Atlanta Hawks,Boston Celtics,Home
Orlando Magic,Washington Wizards,Home
Philadelphia 76ers,New Jersey Nets,Home
Boston Celtics,Miami Heat,Visiting
Sacramento Kings,Dallas Mavericks,Home
Charlotte Bobcats,Cleveland Cavaliers,Visiting
New York Knicks,Chicago Bulls,Home
San Antonio Spurs,Utah Jazz,Home
Houston Rockets,Portland Trail Blazers,Visiting
Detroit Pistons,Orlando Magic,Visiting
Los Angeles Lakers,New Orleans Hornets,Visiting
Phoenix Suns,Minnesota Timberwolves,Home
Oklahoma City Thunder,Milwaukee Bucks,Home
Los Angeles Clippers,Memphis Grizzlies,Home
Toronto Raptors,Indiana Pacers,Visiting
Golden State Warriors,Denver Nuggets,Visiting
Washington Wizards,Charlotte Bobcats,Home
Utah Jazz,San Antonio Spurs,Home
Houston Rockets,Sacramento Kings,Home
Toronto Raptors,Oklahoma City Thunder,Home
Chicago Bulls,New York Knicks,Visiting
Cleveland Cavaliers,New Jersey Nets,Home
Detroit Pistons,Miami Heat,Home
Philadelphia 76ers,Boston Celtics,Visiting
Los Angeles Lakers,Phoenix Suns,Home
Orlando Magic,Philadelphia 76ers,Visiting
Minnesota Timberwolves,New Orleans Hornets,Home
Portland Trail Blazers,Milwaukee Bucks,Visiting
Dallas Mavericks,Memphis Grizzlies,Home
Sacramento Kings,Los Angeles Clippers,Visiting
Boston Celtics,Indiana Pacers,Visiting
Denver Nuggets,Golden State Warriors,Visiting
Atlanta Hawks,Charlotte Bobcats,Home
Golden State Warriors,Utah Jazz,Visiting
Cleveland Cavaliers,Toronto Raptors,Visiting
New Orleans Hornets,San Antonio Spurs,Home
Washington Wizards,New Jersey Nets,Visiting
Charlotte Bobcats,Milwaukee Bucks,Home
Memphis Grizzlies,Miami Heat,Visiting
Houston Rockets,Los Angeles Lakers,Visiting
Oklahoma City Thunder,Indiana Pacers,Visiting
Phoenix Suns,Denver Nuggets,Visiting
Portland Trail Blazers,Dallas Mavericks,Visiting
Detroit Pistons,Atlanta Hawks,Visiting
Los Angeles Clippers,Sacramento Kings,Visiting
New York Knicks,Orlando Magic,Visiting
Washington Wizards,Detroit Pistons,Home
Boston Celtics,Chicago Bulls,Home
Indiana Pacers,Washington Wizards,Home
Phoenix Suns,Utah Jazz,Visiting
New Jersey Nets,Portland Trail Blazers,Visiting
Toronto Raptors,Philadelphia 76ers,Visiting
Denver Nuggets,New Orleans Hornets,Home
Golden State Warriors,Minnesota Timberwolves,Visiting
Cleveland Cavaliers,Milwaukee Bucks,Visiting
Oklahoma City Thunder,Miami Heat,Home
Los Angeles Lakers,Los Angeles Clippers,Visiting
Memphis Grizzlies,Dallas Mavericks,Home
San Antonio Spurs,Boston Celtics,Visiting
Charlotte Bobcats,Atlanta Hawks,Visiting
Charlotte Bobcats,Toronto Raptors,Home
Phoenix Suns,Sacramento Kings,Visiting
Philadelphia 76ers,Miami Heat,Home
Golden State Warriors,Memphis Grizzlies,Home
New Jersey Nets,Los Angeles Lakers,Home
New York Knicks,Indiana Pacers,Home
Orlando Magic,Detroit Pistons,Visiting
San Antonio Spurs,Cleveland Cavaliers,Home
Milwaukee Bucks,Washington Wizards,Home
Minnesota Timberwolves,Sacramento Kings,Home
Utah Jazz,Portland Trail Blazers,Home
Memphis Grizzlies,Oklahoma City Thunder,Visiting
Los Angeles Clippers,Dallas Mavericks,Visiting
Houston Rockets,Chicago Bulls,Visiting
Washington Wizards,Toronto Raptors,Home
Minnesota Timberwolves,Portland Trail Blazers,Home
New Orleans Hornets,Phoenix Suns,Home
Denver Nuggets,Orlando Magic,Visiting
Chicago Bulls,Oklahoma City Thunder,Home
Golden State Warriors,Los Angeles Lakers,Home
Indiana Pacers,Houston Rockets,Visiting
Miami Heat,Boston Celtics,Home
Indiana Pacers,San Antonio Spurs,Home
New Jersey Nets,Sacramento Kings,Home
Atlanta Hawks,Philadelphia 76ers,Home
Cleveland Cavaliers,New York Knicks,Home
Memphis Grizzlies,Milwaukee Bucks,Visiting
New Orleans Hornets,Los Angeles Lakers,Home
Utah Jazz,Los Angeles Clippers,Visiting
Charlotte Bobcats,Detroit Pistons,Home
Philadelphia 76ers,Washington Wizards,Home
Sacramento Kings,Utah Jazz,Visiting
Miami Heat,Toronto Raptors,Visiting
Dallas Mavericks,Orlando Magic,Home
Boston Celtics,Minnesota Timberwolves,Home
Portland Trail Blazers,Los Angeles Clippers,Home
Memphis Grizzlies,Houston Rockets,Home
New Jersey Nets,Golden State Warriors,Visiting
Milwaukee Bucks,Cleveland Cavaliers,Home
Detroit Pistons,Chicago Bulls,Home
Denver Nuggets,Charlotte Bobcats,Visiting
New York Knicks,Atlanta Hawks,Visiting
New Orleans Hornets,Portland Trail Blazers,Home
Dallas Mavericks,Miami Heat,Visiting
Oklahoma City Thunder,Los Angeles Lakers,Home
Washington Wizards,Indiana Pacers,Home
Denver Nuggets,Toronto Raptors,Visiting
San Antonio Spurs,Sacramento Kings,Visiting
Orlando Magic,New York Knicks,Visiting
Indiana Pacers,New Jersey Nets,Visiting
Phoenix Suns,Los Angeles Clippers,Visiting
New Orleans Hornets,Golden State Warriors,Home
Detroit Pistons,Cleveland Cavaliers,Visiting
Minnesota Timberwolves,Charlotte Bobcats,Visiting
Utah Jazz,Boston Celtics,Home
Chicago Bulls,Atlanta Hawks,Visiting
Oklahoma City Thunder,Portland Trail Blazers,Home
San Antonio Spurs,Phoenix Suns,Visiting
Cleveland Cavaliers,Philadelphia 76ers,Visiting
Atlanta Hawks,Milwaukee Bucks,Home
Minnesota Timberwolves,Memphis Grizzlies,Home
Los Angeles Lakers,Golden State Warriors,Visiting
Houston Rockets,Dallas Mavericks,Home
Detroit Pistons,Washington Wizards,Visiting
Orlando Magic,Toronto Raptors,Visiting
Milwaukee Bucks,New York Knicks,Home
Utah Jazz,New Jersey Nets,Home
New Orleans Hornets,Los Angeles Clippers,Home
Miami Heat,Indiana Pacers,Visiting
Sacramento Kings,Houston Rockets,Home
Denver Nuggets,Chicago Bulls,Home
Boston Celtics,Charlotte Bobcats,Home
Philadelphia 76ers,San Antonio Spurs,Home
Golden State Warriors,Portland Trail Blazers,Home
Miami Heat,Oklahoma City Thunder,Visiting
Denver Nuggets,Minnesota Timberwolves,Home
Memphis Grizzlies,Los Angeles Lakers,Home
Phoenix Suns,Cleveland Cavaliers,Home
Washington Wizards,Boston Celtics,Home
Utah Jazz,Atlanta Hawks,Home
Atlanta Hawks,Washington Wizards,Visiting
Detroit Pistons,New York Knicks,Visiting
San Antonio Spurs,New Orleans Hornets,Visiting
Charlotte Bobcats,New Jersey Nets,Visiting
Indiana Pacers,Milwaukee Bucks,Visiting
Memphis Grizzlies,Los Angeles Clippers,Visiting
Dallas Mavericks,Houston Rockets,Home
Sacramento Kings,Golden State Warriors,Home
Toronto Raptors,Chicago Bulls,Home
Denver Nuggets,Utah Jazz,Home
New York Knicks,Toronto Raptors,Home
Dallas Mavericks,San Antonio Spurs,Visiting
Boston Celtics,Philadelphia 76ers,Home
Cleveland Cavaliers,Orlando Magic,Home
Minnesota Timberwolves,Oklahoma City Thunder,Home
Portland Trail Blazers,Los Angeles Lakers,Visiting
Phoenix Suns,Indiana Pacers,Visiting
Miami Heat,Detroit Pistons,Visiting
Milwaukee Bucks,Charlotte Bobcats,Home
New Jersey Nets,Atlanta Hawks,Home
Indiana Pacers,Washington Wizards,Visiting
Utah Jazz,Sacramento Kings,Visiting
Memphis Grizzlies,Portland Trail Blazers,Home
Los Angeles Clippers,New Orleans Hornets,Home
Boston Celtics,Milwaukee Bucks,Home
Golden State Warriors,Houston Rockets,Visiting
Chicago Bulls,Toronto Raptors,Visiting
Minnesota Timberwolves,San Antonio Spurs,Home
New York Knicks,Philadelphia 76ers,Visiting
Phoenix Suns,Orlando Magic,Visiting
Los Angeles Clippers,Oklahoma City Thunder,Visiting
Golden State Warriors,New Orleans Hornets,Home
Washington Wizards,New Jersey Nets,Home
Detroit Pistons,Denver Nuggets,Home
Los Angeles Lakers,Dallas Mavericks,Home
Cleveland Cavaliers,Atlanta Hawks,Home
Oklahoma City Thunder,Utah Jazz,Home
Memphis Grizzlies,Sacramento Kings,Home
Milwaukee Bucks,Portland Trail Blazers,Home
Toronto Raptors,New York Knicks,Visiting
Phoenix Suns,Miami Heat,Home
Los Angeles Clippers,Indiana Pacers,Visiting
Los Angeles Lakers,Houston Rockets,Home
Chicago Bulls,Orlando Magic,Visiting
Cleveland Cavaliers,New Jersey Nets,Visiting
Minnesota Timberwolves,Golden State Warriors,Visiting
Dallas Mavericks,Denver Nuggets,Home
Philadelphia 76ers,Charlotte Bobcats,Home
Boston Celtics,Atlanta Hawks,Visiting
Minnesota Timberwolves,Sacramento Kings,Visiting
Houston Rockets,Phoenix Suns,Home
Portland Trail Blazers,Oklahoma City Thunder,Visiting
Orlando Magic,Miami Heat,Home
Washington Wizards,Memphis Grizzlies,Home
Utah Jazz,Los Angeles Lakers,Home
Detroit Pistons,Los Angeles Clippers,Home
Atlanta Hawks,Cleveland Cavaliers,Home
Golden State Warriors,Utah Jazz,Home
New Orleans Hornets,New Jersey Nets,Home
Houston Rockets,Los Angeles Clippers,Home
New York Knicks,Indiana Pacers,Home
Boston Celtics,Denver Nuggets,Home
San Antonio Spurs,Dallas Mavericks,Visiting
Philadelphia 76ers,Chicago Bulls,Home
Toronto Raptors,Charlotte Bobcats,Home
Boston Celtics,Sacramento Kings,Visiting
Detroit Pistons,Phoenix Suns,Home
Miami Heat,Philadelphia 76ers,Visiting
New Jersey Nets,Orlando Magic,Home
San Antonio Spurs,Oklahoma City Thunder,Visiting
Indiana Pacers,New York Knicks,Home
Toronto Raptors,Memphis Grizzlies,Visiting
Minnesota Timberwolves,Los Angeles Lakers,Home
Milwaukee Bucks,Golden State Warriors,Home
Portland Trail Blazers,Chicago Bulls,Home
Washington Wizards,Atlanta Hawks,Visiting
Minnesota Timberwolves,Utah Jazz,Home
Washington Wizards,New Orleans Hornets,Visiting
Phoenix Suns,Los Angeles Clippers,Visiting
Oklahoma City Thunder,Denver Nuggets,Home
Charlotte Bobcats,Dallas Mavericks,Visiting
Orlando Magic,San Antonio Spurs,Home
Detroit Pistons,Sacramento Kings,Visiting
Utah Jazz,Phoenix Suns,Home
Portland Trail Blazers,New York Knicks,Visiting
Los Angeles Lakers,New Orleans Hornets,Visiting
Toronto Raptors,New Jersey Nets,Home
Cleveland Cavaliers,Milwaukee Bucks,Home
Atlanta Hawks,Los Angeles Clippers,Home
Philadelphia 76ers,Indiana Pacers,Visiting
Charlotte Bobcats,Houston Rockets,Visiting
Boston Celtics,Golden State Warriors,Visiting
Miami Heat,Chicago Bulls,Home
Golden State Warriors,Sacramento Kings,Home
Miami Heat,Orlando Magic,Visiting
Houston Rockets,Oklahoma City Thunder,Visiting
Los Angeles Lakers,Memphis Grizzlies,Visiting
Portland Trail Blazers,Indiana Pacers,Home
Atlanta Hawks,Denver Nuggets,Home
Washington Wizards,Dallas Mavericks,Visiting
Toronto Raptors,Cleveland Cavaliers,Visiting
Detroit Pistons,Utah Jazz,Visiting
Washington Wizards,San Antonio Spurs,Visiting
Minnesota Timberwolves,Phoenix Suns,Visiting
Charlotte Bobcats,New Orleans Hornets,Visiting
Milwaukee Bucks,New Jersey Nets,Home
Boston Celtics,Los Angeles Clippers,Visiting
New York Knicks,Chicago Bulls,Visiting
Milwaukee Bucks,Toronto Raptors,Home
Atlanta Hawks,Sacramento Kings,Home
Indiana Pacers,Orlando Magic,Visiting
Philadelphia 76ers,New York Knicks,Home
Boston Celtics,Los Angeles Lakers,Home
Golden State Warriors,Los Angeles Clippers,Visiting
Memphis Grizzlies,Denver Nuggets,Visiting
Houston Rockets,Cleveland Cavaliers,Home
Portland Trail Blazers,Washington Wizards,Home
Memphis Grizzlies,Phoenix Suns,Home
Charlotte Bobcats,Oklahoma City Thunder,Visiting
Houston Rockets,New Jersey Nets,Visiting
New Orleans Hornets,Minnesota Timberwolves,Visiting
Indiana Pacers,Miami Heat,Home
Dallas Mavericks,Golden State Warriors,Visiting
Toronto Raptors,Detroit Pistons,Visiting
Utah Jazz,Chicago Bulls,Visiting
Los Angeles Clippers,San Antonio Spurs,Visiting
Dallas Mavericks,Sacramento Kings,Visiting
Utah Jazz,Philadelphia 76ers,Visiting
Cleveland Cavaliers,Oklahoma City Thunder,Visiting
Los Angeles Lakers,Minnesota Timberwolves,Visiting
New York Knicks,Milwaukee Bucks,Home
Atlanta Hawks,Detroit Pistons,Home
New Orleans Hornets,Denver Nuggets,Visiting
New Jersey Nets,Charlotte Bobcats,Visiting
Portland Trail Blazers,Boston Celtics,Visiting
Dallas Mavericks,Phoenix Suns,Home
Orlando Magic,Chicago Bulls,Visiting
Los Angeles Lakers,Washington Wizards,Home
Houston Rockets,Toronto Raptors,Visiting
New York Knicks,San Antonio Spurs,Home
New Orleans Hornets,Sacramento Kings,Home
Boston Celtics,Philadelphia 76ers,Visiting
Phoenix Suns,Oklahoma City Thunder,Home
Los Angeles Clippers,New Jersey Nets,Home
Portland Trail Blazers,Minnesota Timberwolves,Visiting
Chicago Bulls,Milwaukee Bucks,Visiting
Atlanta Hawks,Miami Heat,Home
Memphis Grizzlies,Golden State Warriors,Home
Cleveland Cavaliers,Denver Nuggets,Home
Utah Jazz,Charlotte Bobcats,Visiting
New Jersey Nets,Miami Heat,Visiting
Atlanta Hawks,Indiana Pacers,Home
Los Angeles Lakers,Detroit Pistons,Home
New York Knicks,Dallas Mavericks,Home
Orlando Magic,Charlotte Bobcats,Visiting
Houston Rockets,Boston Celtics,Home
Golden State Warriors,Washington Wizards,Visiting
Orlando Magic,Toronto Raptors,Visiting
New Orleans Hornets,Portland Trail Blazers,Home
Dallas Mavericks,Oklahoma City Thunder,Home
Los Angeles Clippers,Minnesota Timberwolves,Home
Philadelphia 76ers,Milwaukee Bucks,Home
Sacramento Kings,Denver Nuggets,Home
Utah Jazz,Cleveland Cavaliers,Visiting
Indiana Pacers,Chicago Bulls,Home
Golden State Warriors,Toronto Raptors,Home
Denver Nuggets,San Antonio Spurs,Visiting
Sacramento Kings,Phoenix Suns,Home
Chicago Bulls,Philadelphia 76ers,Visiting
Miami Heat,Los Angeles Lakers,Home
Los Angeles Clippers,Houston Rockets,Visiting
New Jersey Nets,Charlotte Bobcats,Visiting
New York Knicks,Boston Celtics,Home
Cleveland Cavaliers,Washington Wizards,Visiting
Minnesota Timberwolves,Portland Trail Blazers,Visiting
Milwaukee Bucks,Orlando Magic,Visiting
Indiana Pacers,New Orleans Hornets,Home
Detroit Pistons,Memphis Grizzlies,Visiting
Utah Jazz,Dallas Mavericks,Visiting
Oklahoma City Thunder,Atlanta Hawks,Home
Miami Heat,Utah Jazz,Home
Memphis Grizzlies,Toronto Raptors,Home
Charlotte Bobcats,San Antonio Spurs,Visiting
Los Angeles Clippers,Phoenix Suns,Home
Golden State Warriors,Philadelphia 76ers,Visiting
Dallas Mavericks,New Orleans Hornets,Home
Sacramento Kings,Los Angeles Lakers,Home
Denver Nuggets,Houston Rockets,Visiting
Chicago Bulls,Cleveland Cavaliers,Home
New Jersey Nets,Boston Celtics,Visiting
Milwaukee Bucks,Atlanta Hawks,Home
Los Angeles Clippers,Sacramento Kings,Visiting
Miami Heat,Portland Trail Blazers,Home
Minnesota Timberwolves,Phoenix Suns,Visiting
Oklahoma City Thunder,Orlando Magic,Visiting
Orlando Magic,Washington Wizards,Home
Houston Rockets,Utah Jazz,Visiting
Chicago Bulls,San Antonio Spurs,Visiting
Oklahoma City Thunder,Philadelphia 76ers,Visiting
Cleveland Cavaliers,New York Knicks,Home
Toronto Raptors,New Orleans Hornets,Visiting
Dallas Mavericks,Memphis Grizzlies,Home
Minnesota Timberwolves,Los Angeles Lakers,Visiting
Charlotte Bobcats,Detroit Pistons,Visiting
Portland Trail Blazers,Denver Nuggets,Visiting
Milwaukee Bucks,Boston Celtics,Visiting
Golden State Warriors,Atlanta Hawks,Visiting
Utah Jazz,Sacramento Kings,Visiting
Washington Wizards,Milwaukee Bucks,Home
Minnesota Timberwolves,Los Angeles Clippers,Home
Golden State Warriors,Indiana Pacers,Visiting
Toronto Raptors,Houston Rockets,Home
Philadelphia 76ers,Detroit Pistons,Visiting
New Jersey Nets,Dallas Mavericks,Visiting
Boston Celtics,Cleveland Cavaliers,Visiting
New Orleans Hornets,Chicago Bulls,Home
Los Angeles Lakers,Oklahoma City Thunder,Visiting
New York Knicks,Miami Heat,Visiting
San Antonio Spurs,Denver Nuggets,Home
Orlando Magic,Atlanta Hawks,Home
Sacramento Kings,Washington Wizards,Visiting
Detroit Pistons,Toronto Raptors,Visiting
Golden State Warriors,Phoenix Suns,Visiting
Boston Celtics,Oklahoma City Thunder,Home
Atlanta Hawks,New York Knicks,Home
Orlando Magic,New Jersey Nets,Home
Utah Jazz,Minnesota Timberwolves,Visiting
Denver Nuggets,Los Angeles Clippers,Visiting
Philadelphia 76ers,Houston Rockets,Home
Los Angeles Lakers,Dallas Mavericks,Visiting
New Orleans Hornets,Cleveland Cavaliers,Visiting
Milwaukee Bucks,Chicago Bulls,Visiting
Indiana Pacers,Charlotte Bobcats,Home
San Antonio Spurs,Portland Trail Blazers,Visiting
Sacramento Kings,Miami Heat,Home
Philadelphia 76ers,Memphis Grizzlies,Home
New Orleans Hornets,Indiana Pacers,Home
Detroit Pistons,Cleveland Cavaliers,Home
San Antonio Spurs,Utah Jazz,Visiting
Washington Wizards,Phoenix Suns,Visiting
New Orleans Hornets,Oklahoma City Thunder,Visiting
New Jersey Nets,New York Knicks,Home
Orlando Magic,Milwaukee Bucks,Visiting
Portland Trail Blazers,Los Angeles Lakers,Visiting
Memphis Grizzlies,Houston Rockets,Home
Los Angeles Clippers,Golden State Warriors,Visiting
Minnesota Timberwolves,Denver Nuggets,Home
Boston Celtics,Dallas Mavericks,Home
Atlanta Hawks,Chicago Bulls,Home
Los Angeles Lakers,Phoenix Suns,Visiting
Denver Nuggets,Oklahoma City Thunder,Home
Dallas Mavericks,New York Knicks,Visiting
Milwaukee Bucks,New Jersey Nets,Visiting
Philadelphia 76ers,Minnesota Timberwolves,Home
Orlando Magic,Miami Heat,Home
Charlotte Bobcats,Indiana Pacers,Visiting
Utah Jazz,Houston Rockets,Visiting
Boston Celtics,Detroit Pistons,Home
Sacramento Kings,Cleveland Cavaliers,Home
Atlanta Hawks,Portland Trail Blazers,Home
Golden State Warriors,Memphis Grizzlies,Home
San Antonio Spurs,Los Angeles Clippers,Visiting
New Jersey Nets,Chicago Bulls,Visiting
Washington Wizards,Utah Jazz,Home
Charlotte Bobcats,Toronto Raptors,Visiting
Dallas Mavericks,Philadelphia 76ers,Visiting
Milwaukee Bucks,Orlando Magic,Home
Golden State Warriors,Oklahoma City Thunder,Visiting
New Orleans Hornets,New York Knicks,Visiting
Denver Nuggets,Memphis Grizzlies,Home
Phoenix Suns,Los Angeles Lakers,Visiting
Minnesota Timberwolves,Houston Rockets,Home
Sacramento Kings,Detroit Pistons,Home
Miami Heat,Cleveland Cavaliers,Home
Los Angeles Clippers,Portland Trail Blazers,Visiting
New Jersey Nets,Indiana Pacers,Home
Boston Celtics,Chicago Bulls,Home
San Antonio Spurs,Toronto Raptors,Visiting
Atlanta Hawks,Phoenix Suns,Home
Philadelphia 76ers,Orlando Magic,Visiting
Sacramento Kings,New York Knicks,Visiting
Memphis Grizzlies,New Jersey Nets,Visiting
Charlotte Bobcats,Minnesota Timberwolves,Visiting
New Orleans Hornets,Milwaukee Bucks,Visiting
Washington Wizards,Los Angeles Clippers,Visiting
Oklahoma City Thunder,Houston Rockets,Home
Portland Trail Blazers,Golden State Warriors,Visiting
Denver Nuggets,Dallas Mavericks,Visiting
Indiana Pacers,Cleveland Cavaliers,Home
Detroit Pistons,Boston Celtics,Visiting
New York Knicks,Toronto Raptors,Visiting
Washington Wizards,Portland Trail Blazers,Visiting
Utah Jazz,Oklahoma City Thunder,Visiting
Houston Rockets,Memphis Grizzlies,Home
Atlanta Hawks,Los Angeles Lakers,Home
Miami Heat,Indiana Pacers,Home
San Antonio Spurs,Detroit Pistons,Visiting
Phoenix Suns,Denver Nuggets,Visiting
Sacramento Kings,Chicago Bulls,Home
Minnesota Timberwolves,Orlando Magic,Visiting
Utah Jazz,New Orleans Hornets,Home
Miami Heat,Milwaukee Bucks,Home
Phoenix Suns,Golden State Warriors,Visiting
Los Angeles Clippers,Dallas Mavericks,Home
Philadelphia 76ers,Charlotte Bobcats,Visiting
Los Angeles Lakers,Toronto Raptors,Visiting
Utah Jazz,Memphis Grizzlies,Visiting
Houston Rockets,Golden State Warriors,Visiting
Washington Wizards,Detroit Pistons,Visiting
Chicago Bulls,Boston Celtics,Home
Miami Heat,Atlanta Hawks,Home
Phoenix Suns,Sacramento Kings,Visiting
San Antonio Spurs,New Jersey Nets,Home
New York Knicks,Minnesota Timberwolves,Home
Orlando Magic,Milwaukee Bucks,Visiting
Denver Nuggets,Indiana Pacers,Visiting
Portland Trail Blazers,Dallas Mavericks,Home
Philadelphia 76ers,Cleveland Cavaliers,Visiting
Los Angeles Clippers,Charlotte Bobcats,Home
Miami Heat,Washington Wizards,Home
Oklahoma City Thunder,Utah Jazz,Home
Boston Celtics,Toronto Raptors,Home
Los Angeles Clippers,Philadelphia 76ers,Visiting
Atlanta Hawks,Orlando Magic,Visiting
Los Angeles Lakers,New York Knicks,Home
Portland Trail Blazers,New Orleans Hornets,Visiting
Dallas Mavericks,Minnesota Timberwolves,Home
Indiana Pacers,Memphis Grizzlies,Home
New Jersey Nets,Detroit Pistons,Visiting
Milwaukee Bucks,Cleveland Cavaliers,Visiting
Chicago Bulls,Charlotte Bobcats,Visiting
Oklahoma City Thunder,Sacramento Kings,Home
Houston Rockets,Phoenix Suns,Visiting
Golden State Warriors,Denver Nuggets,Visiting
Los Angeles Lakers,Boston Celtics,Visiting
New York Knicks,Washington Wizards,Home
Milwaukee Bucks,Toronto Raptors,Home
Houston Rockets,Portland Trail Blazers,Home
San Antonio Spurs,Philadelphia 76ers,Home
Miami Heat,Orlando Magic,Visiting
Chicago Bulls,New Orleans Hornets,Visiting
Detroit Pistons,New Jersey Nets,Visiting
Minnesota Timberwolves,Memphis Grizzlies,Home
Dallas Mavericks,Denver Nuggets,Home
Los Angeles Clippers,Cleveland Cavaliers,Home
Indiana Pacers,Atlanta Hawks,Home
Sacramento Kings,Minnesota Timberwolves,Home
Phoenix Suns,Milwaukee Bucks,Visiting
Cleveland Cavaliers,Miami Heat,Visiting
Utah Jazz,Indiana Pacers,Visiting
Oklahoma City Thunder,Golden State Warriors,Visiting
Charlotte Bobcats,Boston Celtics,Home
Toronto Raptors,Washington Wizards,Home
Oklahoma City Thunder,Portland Trail Blazers,Visiting
Los Angeles Lakers,Philadelphia 76ers,Home
Los Angeles Clippers,Orlando Magic,Visiting
Utah Jazz,New York Knicks,Home
Sacramento Kings,New Orleans Hornets,Home
Chicago Bulls,New Jersey Nets,Home
San Antonio Spurs,Memphis Grizzlies,Visiting
Houston Rockets,Denver Nuggets,Visiting
Phoenix Suns,Atlanta Hawks,Visiting
Toronto Raptors,Miami Heat,Home
Memphis Grizzlies,Boston Celtics,Home
Los Angeles Clippers,Washington Wizards,Home
Los Angeles Lakers,Utah Jazz,Home
Oklahoma City Thunder,San Antonio Spurs,Visiting
Golden State Warriors,Sacramento Kings,Home
Denver Nuggets,Portland Trail Blazers,Visiting
Charlotte Bobcats,Phoenix Suns,Home
New Jersey Nets,New York Knicks,Home
Houston Rockets,Minnesota Timberwolves,Visiting
Chicago Bulls,Milwaukee Bucks,Home
Orlando Magic,Indiana Pacers,Visiting
New Orleans Hornets,Detroit Pistons,Home
Dallas Mavericks,Cleveland Cavaliers,Home
Philadelphia 76ers,Atlanta Hawks,Visiting
Washington Wizards,Toronto Raptors,Visiting
Miami Heat,Philadelphia 76ers,Visiting
Cleveland Cavaliers,Orlando Magic,Visiting
Memphis Grizzlies,Oklahoma City Thunder,Visiting
Minnesota Timberwolves,New Jersey Nets,Visiting
Phoenix Suns,Houston Rockets,Home
Milwaukee Bucks,Detroit Pistons,Home
Los Angeles Lakers,Denver Nuggets,Visiting
Indiana Pacers,Dallas Mavericks,Visiting
New York Knicks,Boston Celtics,Home
New Orleans Hornets,San Antonio Spurs,Home
Portland Trail Blazers,Sacramento Kings,Home
Chicago Bulls,New York Knicks,Visiting
Denver Nuggets,Los Angeles Clippers,Home
Utah Jazz,Golden State Warriors,Home
Memphis Grizzlies,Atlanta Hawks,Visiting
Los Angeles Clippers,Utah Jazz,Visiting
Houston Rockets,San Antonio Spurs,Home
Charlotte Bobcats,Portland Trail Blazers,Visiting
Chicago Bulls,Philadelphia 76ers,Home
Washington Wizards,Orlando Magic,Home
Phoenix Suns,New Orleans Hornets,Visiting
Detroit Pistons,New Jersey Nets,Home
Indiana Pacers,Minnesota Timberwolves,Home
Miami Heat,Milwaukee Bucks,Visiting
Oklahoma City Thunder,Dallas Mavericks,Visiting
Toronto Raptors,Boston Celtics,Visiting
Atlanta Hawks,Toronto Raptors,Home
Detroit Pistons,New York Knicks,Visiting
Denver Nuggets,Memphis Grizzlies,Visiting
Charlotte Bobcats,Los Angeles Lakers,Visiting
New Jersey Nets,Indiana Pacers,Visiting
Sacramento Kings,Golden State Warriors,Home
Boston Celtics,Cleveland Cavaliers,Visiting
Chicago Bulls,Washington Wizards,Visiting
Portland Trail Blazers,Utah Jazz,Home
Dallas Mavericks,Phoenix Suns,Home
Orlando Magic,Philadelphia 76ers,Home
Detroit Pistons,Milwaukee Bucks,Visiting
New Orleans Hornets,Miami Heat,Visiting
San Antonio Spurs,Memphis Grizzlies,Visiting
Oklahoma City Thunder,Los Angeles Clippers,Home
Minnesota Timberwolves,Houston Rockets,Visiting
Indiana Pacers,Orlando Magic,Home
Atlanta Hawks,New Orleans Hornets,Visiting
Toronto Raptors,New Jersey Nets,Visiting
Los Angeles Lakers,Minnesota Timberwolves,Visiting
Chicago Bulls,Miami Heat,Home
Los Angeles Clippers,Denver Nuggets,Visiting
San Antonio Spurs,Dallas Mavericks,Home
Cleveland Cavaliers,Boston Celtics,Visiting
Sacramento Kings,Utah Jazz,Home
Memphis Grizzlies,Phoenix Suns,Home
Detroit Pistons,Philadelphia 76ers,Home
Los Angeles Lakers,Milwaukee Bucks,Visiting
New York Knicks,Houston Rockets,Home
Washington Wizards,Charlotte Bobcats,Home
Phoenix Suns,Portland Trail Blazers,Visiting
Charlotte Bobcats,Philadelphia 76ers,Home
Orlando Magic,New Orleans Hornets,Home
San Antonio Spurs,Minnesota Timberwolves,Home
New York Knicks,Miami Heat,Home
Washington Wizards,Houston Rockets,Visiting
Oklahoma City Thunder,Golden State Warriors,Visiting
Atlanta Hawks,Detroit Pistons,Visiting
Toronto Raptors,Denver Nuggets,Home
Utah Jazz,Dallas Mavericks,Home
New Jersey Nets,Cleveland Cavaliers,Visiting
Milwaukee Bucks,Chicago Bulls,Home
Indiana Pacers,Boston Celtics,Home
Boston Celtics,Orlando Magic,Visiting
Memphis Grizzlies,Los Angeles Clippers,Home
Charlotte Bobcats,Washington Wizards,Home
Toronto Raptors,Utah Jazz,Visiting
Atlanta Hawks,San Antonio Spurs,Visiting
Denver Nuggets,Sacramento Kings,Home
New Jersey Nets,Philadelphia 76ers,Visiting
New Orleans Hornets,Oklahoma City Thunder,Visiting
Los Angeles Clippers,Los Angeles Lakers,Home
Milwaukee Bucks,Houston Rockets,Home
Portland Trail Blazers,Golden State Warriors,Visiting
Miami Heat,Detroit Pistons,Home
Minnesota Timberwolves,Dallas Mavericks,Home
New York Knicks,Cleveland Cavaliers,Home
Indiana Pacers,Chicago Bulls,Visiting
Memphis Grizzlies,Portland Trail Blazers,Home
Toronto Raptors,Phoenix Suns,Visiting
Cleveland Cavaliers,Miami Heat,Home
Orlando Magic,Indiana Pacers,Home
New York Knicks,Charlotte Bobcats,Home
Sacramento Kings,Portland Trail Blazers,Visiting
Washington Wizards,Philadelphia 76ers,Visiting
Detroit Pistons,Oklahoma City Thunder,Home
San Antonio Spurs,New Orleans Hornets,Visiting
Houston Rockets,Minnesota Timberwolves,Home
Atlanta Hawks,Milwaukee Bucks,Visiting
Memphis Grizzlies,Golden State Warriors,Visiting
Phoenix Suns,Dallas Mavericks,Home
New Jersey Nets,Chicago Bulls,Visiting
Orlando Magic,Boston Celtics,Home
Boston Celtics,Washington Wizards,Home
Charlotte Bobcats,New Jersey Nets,Home
Milwaukee Bucks,Miami Heat,Visiting
Indiana Pacers,Los Angeles Lakers,Visiting
Toronto Raptors,Los Angeles Clippers,Visiting
Minnesota Timberwolves,Utah Jazz,Visiting
Denver Nuggets,New York Knicks,Visiting
Dallas Mavericks,New Orleans Hornets,Visiting
Oklahoma City Thunder,New Jersey Nets,Visiting
Philadelphia 76ers,Miami Heat,Visiting
Sacramento Kings,Memphis Grizzlies,Visiting
San Antonio Spurs,Houston Rockets,Home
Portland Trail Blazers,Detroit Pistons,Home
Charlotte Bobcats,Chicago Bulls,Home
Cleveland Cavaliers,Atlanta Hawks,Visiting
Denver Nuggets,Washington Wizards,Visiting
Portland Trail Blazers,Toronto Raptors,Visiting
Sacramento Kings,San Antonio Spurs,Visiting
Atlanta Hawks,Philadelphia 76ers,Home
Los Angeles Lakers,Orlando Magic,Home
Milwaukee Bucks,New York Knicks,Home
Minnesota Timberwolves,Los Angeles Clippers,Home
Indiana Pacers,Golden State Warriors,Visiting
Memphis Grizzlies,Detroit Pistons,Visiting
Chicago Bulls,Cleveland Cavaliers,Home
Phoenix Suns,Boston Celtics,Visiting
Dallas Mavericks,Utah Jazz,Visiting
Los Angeles Lakers,Miami Heat,Home
New Orleans Hornets,Houston Rockets,Home
Oklahoma City Thunder,Washington Wizards,Home
Indiana Pacers,Sacramento Kings,Home
Denver Nuggets,Philadelphia 76ers,Visiting
San Antonio Spurs,Orlando Magic,Visiting
Phoenix Suns,New York Knicks,Visiting
Memphis Grizzlies,New Orleans Hornets,Visiting
Golden State Warriors,New Jersey Nets,Home
Detroit Pistons,Minnesota Timberwolves,Home
Dallas Mavericks,Los Angeles Clippers,Home
Toronto Raptors,Boston Celtics,Home
Portland Trail Blazers,Atlanta Hawks,Home
Los Angeles Clippers,Utah Jazz,Visiting
Charlotte Bobcats,Orlando Magic,Home
Denver Nuggets,Milwaukee Bucks,Home
San Antonio Spurs,Miami Heat,Visiting
Detroit Pistons,Houston Rockets,Home
Golden State Warriors,Cleveland Cavaliers,Home
Phoenix Suns,Chicago Bulls,Visiting
Houston Rockets,Washington Wizards,Visiting
Milwaukee Bucks,Philadelphia 76ers,Home
Orlando Magic,New York Knicks,Home
Portland Trail Blazers,New Orleans Hornets,Visiting
Sacramento Kings,Minnesota Timberwolves,Home
Chicago Bulls,Memphis Grizzlies,Visiting
Dallas Mavericks,Los Angeles Lakers,Home
New Jersey Nets,Los Angeles Clippers,Visiting
Cleveland Cavaliers,Charlotte Bobcats,Home
Oklahoma City Thunder,Boston Celtics,Visiting
Toronto Raptors,Atlanta Hawks,Home
Phoenix Suns,San Antonio Spurs,Visiting
Golden State Warriors,Detroit Pistons,Visiting
Utah Jazz,Denver Nuggets,Home
Philadelphia 76ers,Washington Wizards,Home
New Jersey Nets,Utah Jazz,Visiting
New York Knicks,Oklahoma City Thunder,Visiting
New Orleans Hornets,Memphis Grizzlies,Visiting
Los Angeles Lakers,Los Angeles Clippers,Visiting
Boston Celtics,Indiana Pacers,Home
Portland Trail Blazers,Houston Rockets,Home
Sacramento Kings,Dallas Mavericks,Home
Toronto Raptors,Chicago Bulls,Home
Golden State Warriors,Charlotte Bobcats,Home
Minnesota Timberwolves,Atlanta Hawks,Home
Indiana Pacers,Toronto Raptors,Visiting
Portland Trail Blazers,San Antonio Spurs,Home
New Jersey Nets,Phoenix Suns,Visiting
Washington Wizards,Philadelphia 76ers,Visiting
Minnesota Timberwolves,New Orleans Hornets,Visiting
Cleveland Cavaliers,Los Angeles Lakers,Home
Sacramento Kings,Houston Rockets,Visiting
Miami Heat,Denver Nuggets,Home
Milwaukee Bucks,Dallas Mavericks,Visiting
Detroit Pistons,Charlotte Bobcats,Visiting
Chicago Bulls,Boston Celtics,Visiting
Cleveland Cavaliers,Phoenix Suns,Home
Detroit Pistons,Milwaukee Bucks,Visiting
New York Knicks,Memphis Grizzlies,Home
Orlando Magic,Golden State Warriors,Visiting
Charlotte Bobcats,Atlanta Hawks,Visiting
Los Angeles Lakers,Utah Jazz,Visiting
Sacramento Kings,Toronto Raptors,Visiting
Houston Rockets,San Antonio Spurs,Visiting
Orlando Magic,Portland Trail Blazers,Visiting
Philadelphia 76ers,New York Knicks,Home
Oklahoma City Thunder,New Orleans Hornets,Visiting
Miami Heat,Los Angeles Clippers,Home
Atlanta Hawks,Indiana Pacers,Home
New Jersey Nets,Denver Nuggets,Home
Washington Wizards,Chicago Bulls,Home
Dallas Mavericks,Boston Celtics,Visiting
Toronto Raptors,Washington Wizards,Home
Cleveland Cavaliers,Utah Jazz,Home
Los Angeles Clippers,Portland Trail Blazers,Visiting
Sacramento Kings,Philadelphia 76ers,Visiting
Chicago Bulls,Minnesota Timberwolves,Visiting
San Antonio Spurs,Milwaukee Bucks,Home
Oklahoma City Thunder,Memphis Grizzlies,Home
Phoenix Suns,Los Angeles Lakers,Home
Miami Heat,Golden State Warriors,Home
Dallas Mavericks,Detroit Pistons,Home
Houston Rockets,Charlotte Bobcats,Visiting
Minnesota Timberwolves,Toronto Raptors,Home
Indiana Pacers,Philadelphia 76ers,Home
Charlotte Bobcats,New York Knicks,Home
Atlanta Hawks,New Jersey Nets,Visiting
New Orleans Hornets,Denver Nuggets,Visiting
Detroit Pistons,Chicago Bulls,Home
Minnesota Timberwolves,Washington Wizards,Visiting
Orlando Magic,Sacramento Kings,Home
Cleveland Cavaliers,Portland Trail Blazers,Home
Milwaukee Bucks,Phoenix Suns,Visiting
San Antonio Spurs,Oklahoma City Thunder,Visiting
Memphis Grizzlies,Los Angeles Lakers,Home
Denver Nuggets,San Antonio Spurs,Home
Toronto Raptors,Philadelphia 76ers,Home
Miami Heat,New Jersey Nets,Home
Milwaukee Bucks,Los Angeles Clippers,Home
Charlotte Bobcats,Indiana Pacers,Home
Oklahoma City Thunder,Houston Rockets,Visiting
Utah Jazz,Golden State Warriors,Visiting
New York Knicks,Detroit Pistons,Home
New Orleans Hornets,Dallas Mavericks,Home
Chicago Bulls,Atlanta Hawks,Visiting
New York Knicks,Washington Wizards,Visiting
Memphis Grizzlies,Utah Jazz,Home
New Jersey Nets,Toronto Raptors,Visiting
Portland Trail Blazers,Phoenix Suns,Visiting
Detroit Pistons,Philadelphia 76ers,Home
Chicago Bulls,Orlando Magic,Visiting
Houston Rockets,Oklahoma City Thunder,Visiting
Denver Nuggets,New Orleans Hornets,Visiting
Cleveland Cavaliers,Minnesota Timberwolves,Visiting
Golden State Warriors,Los Angeles Lakers,Home
Atlanta Hawks,Charlotte Bobcats,Home
Indiana Pacers,Boston Celtics,Visiting
Dallas Mavericks,San Antonio Spurs,Home
Milwaukee Bucks,Sacramento Kings,Home
Los Angeles Lakers,Portland Trail Blazers,Visiting
Miami Heat,Atlanta Hawks,Visiting
Cleveland Cavaliers,Toronto Raptors,Home
Golden State Warriors,San Antonio Spurs,Visiting
Washington Wizards,Orlando Magic,Visiting
Charlotte Bobcats,New York Knicks,Visiting
Philadelphia 76ers,New Orleans Hornets,Home
Memphis Grizzlies,Minnesota Timberwolves,Visiting
Indiana Pacers,Miami Heat,Visiting
Houston Rockets,Los Angeles Clippers,Visiting
Chicago Bulls,Detroit Pistons,Visiting
Sacramento Kings,Denver Nuggets,Visiting
Phoenix Suns,Dallas Mavericks,Home
New Jersey Nets,Boston Celtics,Home
Milwaukee Bucks,Utah Jazz,Home
Portland Trail Blazers,Oklahoma City Thunder,Home
Sacramento Kings,Memphis Grizzlies,Visiting
Houston Rockets,Los Angeles Lakers,Visiting
Charlotte Bobcats,Cleveland Cavaliers,Home
Atlanta Hawks,Chicago Bulls,Home
New Orleans Hornets,Utah Jazz,Home
Golden State Warriors,Phoenix Suns,Visiting
Toronto Raptors,New York Knicks,Visiting
Indiana Pacers,New Jersey Nets,Home
San Antonio Spurs,Minnesota Timberwolves,Visiting
Atlanta Hawks,Miami Heat,Home
Orlando Magic,Detroit Pistons,Home
Milwaukee Bucks,Denver Nuggets,Home
Oklahoma City Thunder,Dallas Mavericks,Visiting
Washington Wizards,Boston Celtics,Visiting
Boston Celtics,Washington Wizards,Visiting
New Orleans Hornets,Sacramento Kings,Home
Toronto Raptors,Orlando Magic,Visiting
Dallas Mavericks,Minnesota Timberwolves,Home
Charlotte Bobcats,Miami Heat,Visiting
Portland Trail Blazers,Los Angeles Clippers,Home
Los Angeles Lakers,Denver Nuggets,Home
New Jersey Nets,Cleveland Cavaliers,Home
Memphis Grizzlies,Chicago Bulls,Visiting
Utah Jazz,San Antonio Spurs,Visiting
New York Knicks,Sacramento Kings,Home
Phoenix Suns,Oklahoma City Thunder,Visiting
Denver Nuggets,Los Angeles Lakers,Home
Atlanta Hawks,Houston Rockets,Home
Philadelphia 76ers,Golden State Warriors,Home
Indiana Pacers,Detroit Pistons,Home
Philadelphia 76ers,Utah Jazz,Visiting
Phoenix Suns,New Orleans Hornets,Visiting
Miami Heat,Minnesota Timberwolves,Visiting
Washington Wizards,Milwaukee Bucks,Visiting
Houston Rockets,Memphis Grizzlies,Visiting
Chicago Bulls,Los Angeles Clippers,Visiting
Cleveland Cavaliers,Indiana Pacers,Home
Toronto Raptors,Dallas Mavericks,Home
Orlando Magic,Charlotte Bobcats,Home
Detroit Pistons,Boston Celtics,Home
New Jersey Nets,Atlanta Hawks,Visiting
Chicago Bulls,Sacramento Kings,Home
Denver Nuggets,Portland Trail Blazers,Home
New Jersey Nets,Orlando Magic,Home
Dallas Mavericks,Oklahoma City Thunder,Home
New York Knicks,Los Angeles Lakers,Home
San Antonio Spurs,Houston Rockets,Visiting
Indiana Pacers,Toronto Raptors,Visiting
Los Angeles Clippers,San Antonio Spurs,Visiting
Philadelphia 76ers,Phoenix Suns,Home
Boston Celtics,New Orleans Hornets,Home
Oklahoma City Thunder,Memphis Grizzlies,Visiting
New York Knicks,Golden State Warriors,Home
Cleveland Cavaliers,Detroit Pistons,Home
Utah Jazz,Denver Nuggets,Home
Miami Heat,Charlotte Bobcats,Visiting
Washington Wizards,Atlanta Hawks,Visiting
Sacramento Kings,Portland Trail Blazers,Visiting
Atlanta Hawks,New Jersey Nets,Home
Minnesota Timberwolves,Milwaukee Bucks,Home
Boston Celtics,Miami Heat,Home
Utah Jazz,Los Angeles Lakers,Home
New Jersey Nets,Washington Wizards,Visiting
Memphis Grizzlies,San Antonio Spurs,Home
Los Angeles Lakers,Sacramento Kings,Visiting
Philadelphia 76ers,Portland Trail Blazers,Home
New Orleans Hornets,Phoenix Suns,Visiting
Houston Rockets,Orlando Magic,Visiting
Oklahoma City Thunder,Minnesota Timberwolves,Visiting
Detroit Pistons,Indiana Pacers,Home
Chicago Bulls,Golden State Warriors,Home
Denver Nuggets,Dallas Mavericks,Home
Toronto Raptors,Cleveland Cavaliers,Home
Milwaukee Bucks,Charlotte Bobcats,Home
Orlando Magic,Oklahoma City Thunder,Home
Boston Celtics,New York Knicks,Home
Chicago Bulls,Los Angeles Lakers,Visiting
Los Angeles Clippers,Golden State Warriors,Home
Miami Heat,Dallas Mavericks,Home
