Atlanta Hawks,Philadelphia 76ers,461,-588
Atlanta Hawks,Miami Heat,250,-294
Atlanta Hawks,Orlando Magic,-120,104
Atlanta Hawks,Philadelphia 76ers,301,-370
Atlanta Hawks,Charlotte Hornets,187,-217
Atlanta Hawks,Oklahoma City Thunder,216,-256
Atlanta Hawks,Chicago Bulls,-128,112
Atlanta Hawks,Phoenix Suns,-123,106
Atlanta Hawks,Golden State Warriors,783,-1111
Atlanta Hawks,Indiana Pacers,163,-189
Atlanta Hawks,Los Angeles Lakers,112,-130
Atlanta Hawks,Detroit Pistons,144,-167
Atlanta Hawks,Cleveland Cavaliers,112,-128
Atlanta Hawks,Memphis Grizzlies,-149,131
Atlanta Hawks,Charlotte Hornets,125,-143
Atlanta Hawks,Minnesota Timberwolves,229,-270
Atlanta Hawks,Washington Wizards,142,-161
Atlanta Hawks,Toronto Raptors,229,-270
Atlanta Hawks,Utah Jazz,127,-145
Atlanta Hawks,Chicago Bulls,-128,112
Atlanta Hawks,New Orleans Pelicans,120,-137
Atlanta Hawks,San Antonio Spurs,194,-222
Atlanta Hawks,Brooklyn Nets,-154,134
Atlanta Hawks,Portland Trail Blazers,123,-141
Atlanta Hawks,Washington Wizards,202,-238
Atlanta Hawks,Dallas Mavericks,100,-116
Atlanta Hawks,Indiana Pacers,167,-192
Atlanta Hawks,Miami Heat,-120,104
Atlanta Hawks,Detroit Pistons,148,-169
Atlanta Hawks,Orlando Magic,-196,171
Atlanta Hawks,Brooklyn Nets,-112,-102
Atlanta Hawks,Cleveland Cavaliers,274,-323
Atlanta Hawks,Toronto Raptors,220,-256
Atlanta Hawks,New York Knicks,-127,112
Atlanta Hawks,Los Angeles Clippers,129,-147
Atlanta Hawks,Boston Celtics,199,-233
Atlanta Hawks,Sacramento Kings,-204,177
Atlanta Hawks,Boston Celtics,283,-333
Atlanta Hawks,Houston Rockets,332,-417
Atlanta Hawks,Milwaukee Bucks,185,-217
Atlanta Hawks,Denver Nuggets,233,-278
Atlanta Hawks,Dallas Mavericks,-256,202
Atlanta Hawks,Memphis Grizzlies,106,-133
Boston Celtics,Cleveland Cavaliers,-143,125
Boston Celtics,Cleveland Cavaliers,-119,104
Boston Celtics,Cleveland Cavaliers,-108,-106
Boston Celtics,Cleveland Cavaliers,-101,-112
Boston Celtics,Philadelphia 76ers,-120,106
Boston Celtics,Philadelphia 76ers,150,-169
Boston Celtics,Philadelphia 76ers,175,-204
Boston Celtics,Milwaukee Bucks,-200,174
Boston Celtics,Milwaukee Bucks,-192,167
Boston Celtics,Milwaukee Bucks,-114,-101
Boston Celtics,Milwaukee Bucks,-169,149
Boston Celtics,Brooklyn Nets,154,-179
Boston Celtics,Atlanta Hawks,-526,418
Boston Celtics,Chicago Bulls,-286,242
Boston Celtics,Toronto Raptors,169,-196
Boston Celtics,Oklahoma City Thunder,170,-196
Boston Celtics,Washington Wizards,152,-175
Boston Celtics,Indiana Pacers,-189,163
Boston Celtics,Charlotte Hornets,-345,290
Boston Celtics,Memphis Grizzlies,-909,643
Boston Celtics,Los Angeles Clippers,-196,170
Boston Celtics,Cleveland Cavaliers,-192,166
Boston Celtics,Indiana Pacers,-172,150
Boston Celtics,Portland Trail Blazers,106,-125
Boston Celtics,Atlanta Hawks,-286,243
Boston Celtics,New York Knicks,-222,193
Boston Celtics,Orlando Magic,-667,490
Boston Celtics,Philadelphia 76ers,-147,129
Boston Celtics,New Orleans Pelicans,-222,190
Boston Celtics,Minnesota Timberwolves,-147,129
Boston Celtics,Cleveland Cavaliers,-152,131
Boston Celtics,Brooklyn Nets,-500,393
Boston Celtics,Houston Rockets,108,-125
Boston Celtics,Washington Wizards,-175,154
Boston Celtics,Chicago Bulls,-345,291
Boston Celtics,Miami Heat,-455,361
Boston Celtics,Utah Jazz,-196,171
Boston Celtics,Denver Nuggets,-238,204
Boston Celtics,Dallas Mavericks,-333,276
Boston Celtics,Milwaukee Bucks,-196,169
Boston Celtics,Phoenix Suns,-909,644
Boston Celtics,Philadelphia 76ers,-357,296
Boston Celtics,Detroit Pistons,-250,217
Boston Celtics,Orlando Magic,-286,244
Boston Celtics,Golden State Warriors,241,-286
Boston Celtics,Toronto Raptors,138,-159
Boston Celtics,Charlotte Hornets,-147,127
Boston Celtics,Los Angeles Lakers,-270,231
Boston Celtics,Sacramento Kings,-833,620
Boston Celtics,San Antonio Spurs,-161,144
Boston Celtics,New York Knicks,-286,243
Boston Celtics,Milwaukee Bucks,-125,110
Boston Celtics,Philadelphia 76ers,-196,159
Boston Celtics,Charlotte Hornets,-323,252
Brooklyn Nets,Chicago Bulls,-294,249
Brooklyn Nets,Detroit Pistons,-106,-108
Brooklyn Nets,Cleveland Cavaliers,248,-294
Brooklyn Nets,Charlotte Hornets,-102,-114
Brooklyn Nets,Memphis Grizzlies,-345,286
Brooklyn Nets,Dallas Mavericks,-179,156
Brooklyn Nets,Toronto Raptors,369,-455
Brooklyn Nets,Philadelphia 76ers,198,-233
Brooklyn Nets,Chicago Bulls,-189,164
Brooklyn Nets,Indiana Pacers,146,-167
Brooklyn Nets,Los Angeles Clippers,165,-192
Brooklyn Nets,New Orleans Pelicans,117,-135
Brooklyn Nets,Houston Rockets,519,-667
Brooklyn Nets,Milwaukee Bucks,165,-192
Brooklyn Nets,Los Angeles Lakers,-115,100
Brooklyn Nets,Philadelphia 76ers,265,-323
Brooklyn Nets,Miami Heat,135,-154
Brooklyn Nets,San Antonio Spurs,168,-196
Brooklyn Nets,New York Knicks,-161,141
Brooklyn Nets,Detroit Pistons,114,-130
Brooklyn Nets,Toronto Raptors,254,-303
Brooklyn Nets,Boston Celtics,138,-159
Brooklyn Nets,Minnesota Timberwolves,222,-263
Brooklyn Nets,Orlando Magic,-120,104
Brooklyn Nets,Washington Wizards,204,-238
Brooklyn Nets,Sacramento Kings,-222,190
Brooklyn Nets,Indiana Pacers,140,-159
Brooklyn Nets,New York Knicks,-118,102
Brooklyn Nets,Washington Wizards,134,-154
Brooklyn Nets,Miami Heat,114,-132
Brooklyn Nets,Oklahoma City Thunder,239,-286
Brooklyn Nets,Atlanta Hawks,-200,172
Brooklyn Nets,Portland Trail Blazers,158,-182
Brooklyn Nets,Golden State Warriors,554,-769
Brooklyn Nets,Utah Jazz,-128,110
Brooklyn Nets,Boston Celtics,224,-263
Brooklyn Nets,Phoenix Suns,-185,162
Brooklyn Nets,Denver Nuggets,175,-204
Brooklyn Nets,Cleveland Cavaliers,265,-312
Brooklyn Nets,Atlanta Hawks,-119,102
Brooklyn Nets,Orlando Magic,-130,112
Brooklyn Nets,Philadelphia 76ers,-250,200
Brooklyn Nets,New York Knicks,-164,135
Brooklyn Nets,Miami Heat,-123,100
Charlotte Hornets,Indiana Pacers,100,-115
Charlotte Hornets,Philadelphia 76ers,127,-145
Charlotte Hornets,Cleveland Cavaliers,-132,114
Charlotte Hornets,New York Knicks,-833,609
Charlotte Hornets,Memphis Grizzlies,-417,344
Charlotte Hornets,Phoenix Suns,-1111,744
Charlotte Hornets,Brooklyn Nets,-303,252
Charlotte Hornets,Philadelphia 76ers,102,-119
Charlotte Hornets,Chicago Bulls,-714,534
Charlotte Hornets,Detroit Pistons,-185,162
Charlotte Hornets,Brooklyn Nets,-370,301
Charlotte Hornets,Toronto Raptors,138,-159
Charlotte Hornets,Indiana Pacers,-159,141
Charlotte Hornets,Atlanta Hawks,-286,243
Charlotte Hornets,New Orleans Pelicans,-132,114
Charlotte Hornets,Sacramento Kings,-625,474
Charlotte Hornets,Miami Heat,-278,237
Charlotte Hornets,Washington Wizards,-127,110
Charlotte Hornets,Oklahoma City Thunder,112,-128
Charlotte Hornets,Utah Jazz,-185,162
Charlotte Hornets,Dallas Mavericks,-278,231
Charlotte Hornets,Boston Celtics,-104,-110
Charlotte Hornets,Milwaukee Bucks,-185,163
Charlotte Hornets,Toronto Raptors,110,-128
Charlotte Hornets,New York Knicks,-345,285
Charlotte Hornets,Portland Trail Blazers,-159,140
Charlotte Hornets,Miami Heat,-208,179
Charlotte Hornets,Los Angeles Lakers,-164,144
Charlotte Hornets,Chicago Bulls,-500,393
Charlotte Hornets,Golden State Warriors,135,-154
Charlotte Hornets,Orlando Magic,-294,250
Charlotte Hornets,San Antonio Spurs,-120,104
Charlotte Hornets,Washington Wizards,-143,125
Charlotte Hornets,Minnesota Timberwolves,-137,122
Charlotte Hornets,Los Angeles Clippers,-200,173
Charlotte Hornets,Cleveland Cavaliers,-106,-109
Charlotte Hornets,Milwaukee Bucks,-167,147
Charlotte Hornets,Orlando Magic,-172,150
Charlotte Hornets,Houston Rockets,127,-145
Charlotte Hornets,Denver Nuggets,119,-135
Charlotte Hornets,Atlanta Hawks,-185,162
Charlotte Hornets,Dallas Mavericks,-323,247
Charlotte Hornets,Boston Celtics,271,-357
Chicago Bulls,Detroit Pistons,174,-200
Chicago Bulls,Brooklyn Nets,209,-244
Chicago Bulls,Charlotte Hornets,187,-217
Chicago Bulls,Washington Wizards,279,-333
Chicago Bulls,Milwaukee Bucks,166,-189
Chicago Bulls,Denver Nuggets,386,-476
Chicago Bulls,Cleveland Cavaliers,257,-312
Chicago Bulls,Los Angeles Clippers,277,-333
Chicago Bulls,Memphis Grizzlies,-164,144
Chicago Bulls,Boston Celtics,261,-312
Chicago Bulls,Dallas Mavericks,114,-132
Chicago Bulls,Philadelphia 76ers,252,-303
Chicago Bulls,Toronto Raptors,241,-286
Chicago Bulls,Orlando Magic,-185,163
Chicago Bulls,Washington Wizards,183,-213
Chicago Bulls,Minnesota Timberwolves,260,-312
Chicago Bulls,Milwaukee Bucks,118,-135
Chicago Bulls,Los Angeles Lakers,-175,152
Chicago Bulls,Golden State Warriors,309,-385
Chicago Bulls,Miami Heat,-118,102
Chicago Bulls,Detroit Pistons,100,-115
Chicago Bulls,Houston Rockets,199,-233
Chicago Bulls,Toronto Raptors,164,-189
Chicago Bulls,Portland Trail Blazers,-149,129
Chicago Bulls,Indiana Pacers,-147,129
Chicago Bulls,New York Knicks,-122,106
Chicago Bulls,Orlando Magic,-196,170
Chicago Bulls,Philadelphia 76ers,110,-125
Chicago Bulls,Utah Jazz,190,-222
Chicago Bulls,Boston Celtics,186,-217
Chicago Bulls,New York Knicks,142,-161
Chicago Bulls,Cleveland Cavaliers,351,-435
Chicago Bulls,Sacramento Kings,-105,-110
Chicago Bulls,Phoenix Suns,-114,-101
Chicago Bulls,Miami Heat,239,-286
Chicago Bulls,Charlotte Hornets,220,-256
Chicago Bulls,Indiana Pacers,134,-154
Chicago Bulls,New Orleans Pelicans,181,-213
Chicago Bulls,Oklahoma City Thunder,661,-625
Chicago Bulls,Atlanta Hawks,-132,114
Chicago Bulls,San Antonio Spurs,440,-556
Chicago Bulls,Toronto Raptors,227,-294
Chicago Bulls,New Orleans Pelicans,144,-175
Chicago Bulls,Milwaukee Bucks,-104,-118
Cleveland Cavaliers,Golden State Warriors,143,-164
Cleveland Cavaliers,Golden State Warriors,127,-147
Cleveland Cavaliers,Boston Celtics,-323,274
Cleveland Cavaliers,Boston Celtics,-312,268
Cleveland Cavaliers,Boston Celtics,-286,246
Cleveland Cavaliers,Toronto Raptors,-208,179
Cleveland Cavaliers,Toronto Raptors,-189,165
Cleveland Cavaliers,Indiana Pacers,-250,211
Cleveland Cavaliers,Indiana Pacers,-294,246
Cleveland Cavaliers,Indiana Pacers,-417,341
Cleveland Cavaliers,Indiana Pacers,-357,293
Cleveland Cavaliers,New York Knicks,-385,311
Cleveland Cavaliers,Washington Wizards,-238,202
Cleveland Cavaliers,Toronto Raptors,-122,106
Cleveland Cavaliers,Dallas Mavericks,-667,522
Cleveland Cavaliers,New Orleans Pelicans,-204,175
Cleveland Cavaliers,Phoenix Suns,-2500,1318
Cleveland Cavaliers,Toronto Raptors,104,-119
Cleveland Cavaliers,Milwaukee Bucks,-147,127
Cleveland Cavaliers,Detroit Pistons,-256,215
Cleveland Cavaliers,Denver Nuggets,-179,154
Cleveland Cavaliers,Philadelphia 76ers,-145,127
Cleveland Cavaliers,Brooklyn Nets,-625,494
Cleveland Cavaliers,San Antonio Spurs,-182,159
Cleveland Cavaliers,Washington Wizards,-263,223
Cleveland Cavaliers,Minnesota Timberwolves,137,-156
Cleveland Cavaliers,Houston Rockets,142,-161
Cleveland Cavaliers,Miami Heat,-139,121
Cleveland Cavaliers,Detroit Pistons,-333,280
Cleveland Cavaliers,Indiana Pacers,-270,227
Cleveland Cavaliers,Oklahoma City Thunder,-147,127
Cleveland Cavaliers,Orlando Magic,-769,583
Cleveland Cavaliers,Golden State Warriors,200,-238
Cleveland Cavaliers,Portland Trail Blazers,-435,344
Cleveland Cavaliers,Chicago Bulls,-625,493
Cleveland Cavaliers,Utah Jazz,-500,407
Cleveland Cavaliers,Los Angeles Lakers,-500,405
Cleveland Cavaliers,Atlanta Hawks,-833,626
Cleveland Cavaliers,Philadelphia 76ers,-244,214
Cleveland Cavaliers,Sacramento Kings,-909,663
Cleveland Cavaliers,Memphis Grizzlies,-833,597
Cleveland Cavaliers,Miami Heat,-175,156
Cleveland Cavaliers,Charlotte Hornets,-217,189
Cleveland Cavaliers,Brooklyn Nets,-714,559
Cleveland Cavaliers,Los Angeles Clippers,-263,225
Cleveland Cavaliers,Milwaukee Bucks,-204,177
Cleveland Cavaliers,Atlanta Hawks,-833,606
Cleveland Cavaliers,Indiana Pacers,-500,401
Cleveland Cavaliers,New York Knicks,-588,457
Cleveland Cavaliers,Chicago Bulls,-2000,1143
Cleveland Cavaliers,Orlando Magic,-833,615
Cleveland Cavaliers,Boston Celtics,-189,167
Cleveland Cavaliers,Chicago Bulls,-435,326
Cleveland Cavaliers,Indiana Pacers,-189,152
Cleveland Cavaliers,Atlanta Hawks,-345,263
Dallas Mavericks,Phoenix Suns,-141,123
Dallas Mavericks,Portland Trail Blazers,269,-323
Dallas Mavericks,Minnesota Timberwolves,213,-250
Dallas Mavericks,Charlotte Hornets,123,-141
Dallas Mavericks,Utah Jazz,322,-385
Dallas Mavericks,Houston Rockets,478,-625
Dallas Mavericks,Memphis Grizzlies,-476,379
Dallas Mavericks,Denver Nuggets,216,-256
Dallas Mavericks,New Orleans Pelicans,143,-164
Dallas Mavericks,Oklahoma City Thunder,169,-196
Dallas Mavericks,Indiana Pacers,135,-156
Dallas Mavericks,Sacramento Kings,-286,240
Dallas Mavericks,Los Angeles Lakers,-152,133
Dallas Mavericks,Miami Heat,114,-130
Dallas Mavericks,Portland Trail Blazers,100,-115
Dallas Mavericks,Houston Rockets,234,-278
Dallas Mavericks,Washington Wizards,112,-130
Dallas Mavericks,Los Angeles Lakers,-185,162
Dallas Mavericks,Orlando Magic,-294,245
Dallas Mavericks,New York Knicks,-213,181
Dallas Mavericks,Chicago Bulls,-175,154
Dallas Mavericks,Golden State Warriors,290,-345
Dallas Mavericks,Toronto Raptors,202,-238
Dallas Mavericks,Detroit Pistons,-116,100
Dallas Mavericks,Phoenix Suns,-294,247
Dallas Mavericks,San Antonio Spurs,208,-244
Dallas Mavericks,Denver Nuggets,-132,114
Dallas Mavericks,Los Angeles Clippers,-189,164
Dallas Mavericks,Brooklyn Nets,-208,179
Dallas Mavericks,Oklahoma City Thunder,204,-238
Dallas Mavericks,Boston Celtics,233,-278
Dallas Mavericks,Milwaukee Bucks,209,-244
Dallas Mavericks,Minnesota Timberwolves,206,-238
Dallas Mavericks,San Antonio Spurs,220,-256
Dallas Mavericks,Cleveland Cavaliers,202,-238
Dallas Mavericks,New Orleans Pelicans,160,-182
Dallas Mavericks,Philadelphia 76ers,104,-125
Dallas Mavericks,Memphis Grizzlies,140,-159
Dallas Mavericks,Golden State Warriors,781,-1111
Dallas Mavericks,Sacramento Kings,-222,190
Dallas Mavericks,Atlanta Hawks,-213,185
Dallas Mavericks,Orlando Magic,-256,200
Dallas Mavericks,Chicago Bulls,-222,179
Dallas Mavericks,Milwaukee Bucks,-200,163
Denver Nuggets,Portland Trail Blazers,-192,167
Denver Nuggets,Minnesota Timberwolves,-192,165
Denver Nuggets,Indiana Pacers,-185,163
Denver Nuggets,Milwaukee Bucks,-217,189
Denver Nuggets,Detroit Pistons,-400,329
Denver Nuggets,Sacramento Kings,-909,627
Denver Nuggets,Los Angeles Lakers,-278,238
Denver Nuggets,Cleveland Cavaliers,-154,135
Denver Nuggets,Los Angeles Clippers,-213,181
Denver Nuggets,Houston Rockets,164,-189
Denver Nuggets,San Antonio Spurs,-167,146
Denver Nuggets,San Antonio Spurs,-270,227
Denver Nuggets,Charlotte Hornets,-175,152
Denver Nuggets,Golden State Warriors,177,-208
Denver Nuggets,Oklahoma City Thunder,106,-122
Denver Nuggets,Boston Celtics,-123,108
Denver Nuggets,Dallas Mavericks,-345,286
Denver Nuggets,New York Knicks,-278,231
Denver Nuggets,Portland Trail Blazers,-154,135
Denver Nuggets,Phoenix Suns,-435,359
Denver Nuggets,Dallas Mavericks,-244,208
Denver Nuggets,Memphis Grizzlies,-263,225
Denver Nuggets,Atlanta Hawks,-455,358
Denver Nuggets,Utah Jazz,-270,229
Denver Nuggets,Phoenix Suns,-833,592
Denver Nuggets,Philadelphia 76ers,-278,236
Denver Nuggets,Utah Jazz,-238,204
Denver Nuggets,Minnesota Timberwolves,-112,-101
Denver Nuggets,New Orleans Pelicans,-122,106
Denver Nuggets,Los Angeles Lakers,-167,148
Denver Nuggets,Chicago Bulls,-625,480
Denver Nuggets,Memphis Grizzlies,-238,206
Denver Nuggets,New Orleans Pelicans,-185,161
Denver Nuggets,Orlando Magic,-370,303
Denver Nuggets,Oklahoma City Thunder,110,-127
Denver Nuggets,Brooklyn Nets,-833,603
Denver Nuggets,Golden State Warriors,315,-385
Denver Nuggets,Miami Heat,-222,190
Denver Nuggets,Toronto Raptors,-123,108
Denver Nuggets,Washington Wizards,-196,170
Denver Nuggets,Sacramento Kings,-833,587
Denver Nuggets,Oklahoma City Thunder,-159,129
Detroit Pistons,Toronto Raptors,206,-244
Detroit Pistons,Dallas Mavericks,-294,248
Detroit Pistons,Philadelphia 76ers,112,-127
Detroit Pistons,Washington Wizards,121,-139
Detroit Pistons,Los Angeles Lakers,-233,199
Detroit Pistons,Chicago Bulls,-1250,838
Detroit Pistons,Chicago Bulls,-345,283
Detroit Pistons,Toronto Raptors,186,-217
Detroit Pistons,Milwaukee Bucks,-116,102
Detroit Pistons,Boston Celtics,112,-128
Detroit Pistons,Atlanta Hawks,-588,451
Detroit Pistons,New Orleans Pelicans,-154,135
Detroit Pistons,Los Angeles Clippers,-156,137
Detroit Pistons,Brooklyn Nets,-476,380
Detroit Pistons,Portland Trail Blazers,-137,119
Detroit Pistons,Miami Heat,-182,160
Detroit Pistons,Memphis Grizzlies,-385,320
Detroit Pistons,Cleveland Cavaliers,229,-270
Detroit Pistons,Oklahoma City Thunder,142,-164
Detroit Pistons,Utah Jazz,-137,119
Detroit Pistons,Brooklyn Nets,-238,204
Detroit Pistons,Washington Wizards,-111,-104
Detroit Pistons,Charlotte Hornets,-143,124
Detroit Pistons,Houston Rockets,208,-244
Detroit Pistons,San Antonio Spurs,170,-196
Detroit Pistons,Indiana Pacers,-122,106
Detroit Pistons,New York Knicks,-270,227
Detroit Pistons,Orlando Magic,-385,312
Detroit Pistons,Denver Nuggets,-256,217
Detroit Pistons,Boston Celtics,102,-119
Detroit Pistons,Golden State Warriors,184,-213
Detroit Pistons,Phoenix Suns,-667,536
Detroit Pistons,Cleveland Cavaliers,108,-125
Detroit Pistons,Miami Heat,-132,114
Detroit Pistons,Atlanta Hawks,-333,277
Detroit Pistons,Indiana Pacers,-250,214
Detroit Pistons,Sacramento Kings,-400,320
Detroit Pistons,Milwaukee Bucks,-123,108
Detroit Pistons,Minnesota Timberwolves,-137,120
Detroit Pistons,Philadelphia 76ers,-161,141
Detroit Pistons,Charlotte Hornets,-147,129
Detroit Pistons,Indiana Pacers,-263,206
Detroit Pistons,Atlanta Hawks,-217,171
Detroit Pistons,Charlotte Hornets,-154,125
Golden State Warriors,Cleveland Cavaliers,-556,436
Golden State Warriors,Cleveland Cavaliers,-833,626
Golden State Warriors,Houston Rockets,-909,687
Golden State Warriors,Houston Rockets,-400,337
Golden State Warriors,Houston Rockets,-357,293
Golden State Warriors,New Orleans Pelicans,-909,642
Golden State Warriors,New Orleans Pelicans,-769,572
Golden State Warriors,New Orleans Pelicans,-333,281
Golden State Warriors,San Antonio Spurs,-833,612
Golden State Warriors,San Antonio Spurs,-588,458
Golden State Warriors,San Antonio Spurs,-400,332
Golden State Warriors,New Orleans Pelicans,-263,222
Golden State Warriors,Phoenix Suns,-2000,1165
Golden State Warriors,Milwaukee Bucks,-179,156
Golden State Warriors,Indiana Pacers,298,-357
Golden State Warriors,Utah Jazz,388,-500
Golden State Warriors,Atlanta Hawks,-769,575
Golden State Warriors,Sacramento Kings,-400,334
Golden State Warriors,Los Angeles Lakers,-256,218
Golden State Warriors,San Antonio Spurs,-714,525
Golden State Warriors,Brooklyn Nets,-2000,1101
Golden State Warriors,Oklahoma City Thunder,-526,413
Golden State Warriors,Los Angeles Clippers,-714,522
Golden State Warriors,Phoenix Suns,-2000,1206
Golden State Warriors,San Antonio Spurs,-667,498
Golden State Warriors,Dallas Mavericks,-1429,874
Golden State Warriors,Oklahoma City Thunder,-556,430
Golden State Warriors,Boston Celtics,-714,531
Golden State Warriors,Minnesota Timberwolves,-833,637
Golden State Warriors,New York Knicks,-2000,1157
Golden State Warriors,Los Angeles Clippers,-909,633
Golden State Warriors,Denver Nuggets,-588,455
Golden State Warriors,Memphis Grizzlies,-1250,869
Golden State Warriors,Charlotte Hornets,-556,429
Golden State Warriors,Utah Jazz,-714,539
Golden State Warriors,Cleveland Cavaliers,-185,163
Golden State Warriors,Denver Nuggets,-370,301
Golden State Warriors,Los Angeles Lakers,-714,551
Golden State Warriors,Memphis Grizzlies,-500,394
Golden State Warriors,Dallas Mavericks,-526,420
Golden State Warriors,Portland Trail Blazers,-417,340
Golden State Warriors,Sacramento Kings,-909,685
Golden State Warriors,New Orleans Pelicans,-588,470
Golden State Warriors,Chicago Bulls,-1667,1028
Golden State Warriors,Orlando Magic,-769,603
Golden State Warriors,Philadelphia 76ers,-1000,689
Golden State Warriors,Minnesota Timberwolves,-333,283
Golden State Warriors,Miami Heat,-1250,857
Golden State Warriors,Detroit Pistons,-1429,905
Golden State Warriors,Washington Wizards,-714,547
Golden State Warriors,Toronto Raptors,-1000,687
Golden State Warriors,Houston Rockets,-455,367
Golden State Warriors,Sacramento Kings,-714,473
Golden State Warriors,Minnesota Timberwolves,-250,196
Golden State Warriors,Denver Nuggets,-370,289
Houston Rockets,Golden State Warriors,234,-270
Houston Rockets,Golden State Warriors,-103,-110
Houston Rockets,Golden State Warriors,-123,108
Houston Rockets,Golden State Warriors,-127,112
Houston Rockets,Utah Jazz,-909,660
Houston Rockets,Utah Jazz,-833,635
Houston Rockets,Utah Jazz,-909,656
Houston Rockets,Minnesota Timberwolves,-1000,734
Houston Rockets,Minnesota Timberwolves,-714,553
Houston Rockets,Minnesota Timberwolves,-1000,740
Houston Rockets,Oklahoma City Thunder,-208,179
Houston Rockets,Portland Trail Blazers,-714,535
Houston Rockets,Washington Wizards,-400,325
Houston Rockets,Phoenix Suns,-5000,1801
Houston Rockets,Chicago Bulls,-1429,900
Houston Rockets,Atlanta Hawks,-1667,996
Houston Rockets,New Orleans Pelicans,-435,346
Houston Rockets,Detroit Pistons,-769,573
Houston Rockets,Los Angeles Clippers,-769,592
Houston Rockets,San Antonio Spurs,-833,595
Houston Rockets,Boston Celtics,-370,308
Houston Rockets,Minnesota Timberwolves,-345,282
Houston Rockets,Sacramento Kings,-1667,1068
Houston Rockets,Dallas Mavericks,-1667,1093
Houston Rockets,Denver Nuggets,-400,329
Houston Rockets,Orlando Magic,-1000,708
Houston Rockets,Phoenix Suns,-1667,966
Houston Rockets,Miami Heat,-667,507
Houston Rockets,Golden State Warriors,127,-145
Houston Rockets,Minnesota Timberwolves,-200,174
Houston Rockets,Portland Trail Blazers,-286,243
Houston Rockets,Golden State Warriors,158,-182
Houston Rockets,Los Angeles Lakers,-1429,918
Houston Rockets,Los Angeles Clippers,-909,644
Houston Rockets,Los Angeles Lakers,-1429,924
Houston Rockets,Utah Jazz,-833,610
Houston Rockets,Milwaukee Bucks,-588,455
Houston Rockets,San Antonio Spurs,-357,301
Houston Rockets,Charlotte Hornets,-769,583
Houston Rockets,New Orleans Pelicans,-1000,710
Houston Rockets,Indiana Pacers,-714,529
Houston Rockets,Brooklyn Nets,-3333,1619
Houston Rockets,New York Knicks,-3333,1702
Houston Rockets,Denver Nuggets,-417,330
Houston Rockets,Toronto Raptors,-256,218
Houston Rockets,Memphis Grizzlies,-270,233
Houston Rockets,Cleveland Cavaliers,-213,185
Houston Rockets,Utah Jazz,-238,204
Houston Rockets,Philadelphia 76ers,-286,243
Houston Rockets,Memphis Grizzlies,-345,286
Houston Rockets,Dallas Mavericks,-769,571
Houston Rockets,San Antonio Spurs,-312,242
Indiana Pacers,Cleveland Cavaliers,-125,108
Indiana Pacers,Cleveland Cavaliers,104,-120
Indiana Pacers,Cleveland Cavaliers,-120,106
Indiana Pacers,Charlotte Hornets,-127,112
Indiana Pacers,Golden State Warriors,124,-141
Indiana Pacers,Miami Heat,-156,137
Indiana Pacers,Los Angeles Clippers,-164,144
Indiana Pacers,Los Angeles Lakers,-213,183
Indiana Pacers,Toronto Raptors,154,-179
Indiana Pacers,Atlanta Hawks,-400,329
Indiana Pacers,Utah Jazz,104,-119
Indiana Pacers,Milwaukee Bucks,-139,121
Indiana Pacers,Atlanta Hawks,-323,268
Indiana Pacers,New York Knicks,-333,280
Indiana Pacers,Washington Wizards,129,-149
Indiana Pacers,Philadelphia 76ers,-115,100
Indiana Pacers,Memphis Grizzlies,-370,308
Indiana Pacers,Charlotte Hornets,-127,110
Indiana Pacers,Orlando Magic,-263,224
Indiana Pacers,Phoenix Suns,-270,231
Indiana Pacers,Cleveland Cavaliers,104,-122
Indiana Pacers,Miami Heat,-192,167
Indiana Pacers,Milwaukee Bucks,-122,106
Indiana Pacers,Chicago Bulls,-238,202
Indiana Pacers,Minnesota Timberwolves,129,-147
Indiana Pacers,Dallas Mavericks,-169,148
Indiana Pacers,Brooklyn Nets,-455,367
Indiana Pacers,Boston Celtics,120,-137
Indiana Pacers,Detroit Pistons,-208,179
Indiana Pacers,Oklahoma City Thunder,-104,-110
Indiana Pacers,Denver Nuggets,-208,179
Indiana Pacers,Cleveland Cavaliers,144,-164
Indiana Pacers,Chicago Bulls,-526,415
Indiana Pacers,New York Knicks,-625,480
Indiana Pacers,Orlando Magic,-185,163
Indiana Pacers,Boston Celtics,136,-154
Indiana Pacers,Toronto Raptors,114,-130
Indiana Pacers,Detroit Pistons,-114,-101
Indiana Pacers,Houston Rockets,139,-161
Indiana Pacers,New Orleans Pelicans,102,-118
Indiana Pacers,Sacramento Kings,-222,193
Indiana Pacers,San Antonio Spurs,224,-263
Indiana Pacers,Portland Trail Blazers,185,-213
Indiana Pacers,Brooklyn Nets,-152,134
Los Angeles Clippers,Los Angeles Lakers,-137,119
Los Angeles Clippers,New Orleans Pelicans,368,-455
Los Angeles Clippers,Denver Nuggets,136,-156
Los Angeles Clippers,San Antonio Spurs,108,-125
Los Angeles Clippers,Indiana Pacers,-149,129
Los Angeles Clippers,Milwaukee Bucks,-152,133
Los Angeles Clippers,Portland Trail Blazers,-114,100
Los Angeles Clippers,Orlando Magic,-833,612
Los Angeles Clippers,Cleveland Cavaliers,-102,-114
Los Angeles Clippers,New Orleans Pelicans,-128,112
Los Angeles Clippers,Brooklyn Nets,-333,272
Los Angeles Clippers,New York Knicks,-417,334
Los Angeles Clippers,Houston Rockets,329,-400
Los Angeles Clippers,Dallas Mavericks,-256,216
Los Angeles Clippers,Chicago Bulls,-370,299
Los Angeles Clippers,Portland Trail Blazers,123,-141
Los Angeles Clippers,Boston Celtics,-159,140
Los Angeles Clippers,Minnesota Timberwolves,-128,112
Los Angeles Clippers,Denver Nuggets,-175,152
Los Angeles Clippers,Houston Rockets,170,-196
Los Angeles Clippers,Sacramento Kings,-278,237
Los Angeles Clippers,Atlanta Hawks,-182,159
Los Angeles Clippers,Golden State Warriors,319,-385
Los Angeles Clippers,Oklahoma City Thunder,-102,-114
Los Angeles Clippers,Memphis Grizzlies,-238,202
Los Angeles Clippers,Charlotte Hornets,-125,110
Los Angeles Clippers,Sacramento Kings,-213,183
Los Angeles Clippers,Phoenix Suns,-222,189
Los Angeles Clippers,Toronto Raptors,190,-222
Los Angeles Clippers,Washington Wizards,110,-127
Los Angeles Clippers,Minnesota Timberwolves,177,-204
Los Angeles Clippers,Utah Jazz,-108,-106
Los Angeles Clippers,Los Angeles Lakers,-185,163
Los Angeles Clippers,Philadelphia 76ers,-130,114
Los Angeles Clippers,Miami Heat,-208,179
Los Angeles Clippers,Memphis Grizzlies,-200,173
Los Angeles Clippers,Dallas Mavericks,-526,430
Los Angeles Clippers,Golden State Warriors,195,-227
Los Angeles Clippers,Detroit Pistons,-333,270
Los Angeles Clippers,Utah Jazz,-196,168
Los Angeles Clippers,Phoenix Suns,-1250,838
Los Angeles Clippers,Los Angeles Lakers,185,-238
Los Angeles Clippers,Sacramento Kings,-244,195
Los Angeles Clippers,Portland Trail Blazers,-145,120
Los Angeles Clippers,Toronto Raptors,102,-128
Los Angeles Lakers,Houston Rockets,308,-370
Los Angeles Lakers,Utah Jazz,408,-526
Los Angeles Lakers,Minnesota Timberwolves,181,-213
Los Angeles Lakers,San Antonio Spurs,225,-263
Los Angeles Lakers,Sacramento Kings,-323,273
Los Angeles Lakers,Milwaukee Bucks,-104,-110
Los Angeles Lakers,Dallas Mavericks,-385,323
Los Angeles Lakers,Miami Heat,-135,118
Los Angeles Lakers,Denver Nuggets,112,-128
Los Angeles Lakers,Cleveland Cavaliers,112,-130
Los Angeles Lakers,Orlando Magic,-263,227
Los Angeles Lakers,Portland Trail Blazers,112,-128
Los Angeles Lakers,Dallas Mavericks,-175,152
Los Angeles Lakers,Oklahoma City Thunder,-118,102
Los Angeles Lakers,Phoenix Suns,-345,286
Los Angeles Lakers,Boston Celtics,179,-213
Los Angeles Lakers,New York Knicks,110,-127
Los Angeles Lakers,Indiana Pacers,112,-128
Los Angeles Lakers,San Antonio Spurs,117,-135
Los Angeles Lakers,Sacramento Kings,-357,293
Los Angeles Lakers,Atlanta Hawks,-159,139
Los Angeles Lakers,Charlotte Hornets,114,-132
Los Angeles Lakers,Oklahoma City Thunder,185,-217
Los Angeles Lakers,Los Angeles Clippers,131,-149
Los Angeles Lakers,Memphis Grizzlies,-156,138
Los Angeles Lakers,Minnesota Timberwolves,210,-244
Los Angeles Lakers,Portland Trail Blazers,-147,127
Los Angeles Lakers,Golden State Warriors,184,-217
Los Angeles Lakers,Houston Rockets,594,-833
Los Angeles Lakers,Golden State Warriors,645,-909
Los Angeles Lakers,Chicago Bulls,-217,190
Los Angeles Lakers,Denver Nuggets,175,-204
Los Angeles Lakers,Phoenix Suns,-294,254
Los Angeles Lakers,Philadelphia 76ers,141,-161
Los Angeles Lakers,Memphis Grizzlies,123,-141
Los Angeles Lakers,Brooklyn Nets,-145,127
Los Angeles Lakers,Detroit Pistons,133,-152
Los Angeles Lakers,Toronto Raptors,204,-238
Los Angeles Lakers,Washington Wizards,183,-213
Los Angeles Lakers,New Orleans Pelicans,168,-196
Los Angeles Lakers,Los Angeles Clippers,206,-238
Los Angeles Lakers,Utah Jazz,102,-125
Los Angeles Lakers,Sacramento Kings,108,-132
Los Angeles Lakers,Denver Nuggets,-112,-110
Los Angeles Lakers,Denver Nuggets,152,-185
Los Angeles Lakers,Minnesota Timberwolves,152,-185
Memphis Grizzlies,Detroit Pistons,214,-250
Memphis Grizzlies,Sacramento Kings,148,-169
Memphis Grizzlies,Portland Trail Blazers,227,-263
Memphis Grizzlies,Los Angeles Lakers,227,-270
Memphis Grizzlies,Denver Nuggets,254,-303
Memphis Grizzlies,Chicago Bulls,-135,119
Memphis Grizzlies,Milwaukee Bucks,272,-323
Memphis Grizzlies,Utah Jazz,449,-588
Memphis Grizzlies,Denver Nuggets,326,-400
Memphis Grizzlies,Phoenix Suns,-147,127
Memphis Grizzlies,Cleveland Cavaliers,177,-208
Memphis Grizzlies,Oklahoma City Thunder,160,-185
Memphis Grizzlies,Utah Jazz,225,-263
Memphis Grizzlies,Phoenix Suns,-370,308
Memphis Grizzlies,Los Angeles Clippers,159,-182
Memphis Grizzlies,San Antonio Spurs,102,-119
Memphis Grizzlies,Philadelphia 76ers,131,-152
Memphis Grizzlies,Sacramento Kings,-244,211
Memphis Grizzlies,New York Knicks,119,-137
Memphis Grizzlies,Los Angeles Lakers,-164,145
Memphis Grizzlies,New Orleans Pelicans,-110,-105
Memphis Grizzlies,Washington Wizards,163,-189
Memphis Grizzlies,Los Angeles Clippers,-130,114
Memphis Grizzlies,Boston Celtics,194,-222
Memphis Grizzlies,Atlanta Hawks,-263,222
Memphis Grizzlies,Miami Heat,-116,100
Memphis Grizzlies,Oklahoma City Thunder,174,-200
Memphis Grizzlies,Toronto Raptors,189,-222
Memphis Grizzlies,Minnesota Timberwolves,129,-147
Memphis Grizzlies,San Antonio Spurs,138,-156
Memphis Grizzlies,Brooklyn Nets,-213,181
Memphis Grizzlies,Dallas Mavericks,-222,192
Memphis Grizzlies,Portland Trail Blazers,-102,-112
Memphis Grizzlies,Houston Rockets,264,-312
Memphis Grizzlies,Indiana Pacers,-149,131
Memphis Grizzlies,Orlando Magic,-147,127
Memphis Grizzlies,Charlotte Hornets,-204,177
Memphis Grizzlies,Houston Rockets,-167,152
Memphis Grizzlies,Dallas Mavericks,-312,261
Memphis Grizzlies,Golden State Warriors,313,-385
Memphis Grizzlies,New Orleans Pelicans,-130,112
Memphis Grizzlies,New Orleans Pelicans,-179,145
Memphis Grizzlies,Houston Rockets,249,-323
Memphis Grizzlies,Orlando Magic,-122,-101
Miami Heat,Philadelphia 76ers,150,-169
Miami Heat,Philadelphia 76ers,124,-141
Miami Heat,Toronto Raptors,-143,124
Miami Heat,Oklahoma City Thunder,166,-192
Miami Heat,Atlanta Hawks,-1250,819
Miami Heat,Brooklyn Nets,-400,328
Miami Heat,Chicago Bulls,-1429,864
Miami Heat,Cleveland Cavaliers,108,-125
Miami Heat,New York Knicks,-556,434
Miami Heat,Denver Nuggets,-122,106
Miami Heat,Washington Wizards,-169,148
Miami Heat,Philadelphia 76ers,-111,-103
Miami Heat,Phoenix Suns,-476,384
Miami Heat,Detroit Pistons,-208,179
Miami Heat,Los Angeles Lakers,-208,181
Miami Heat,Philadelphia 76ers,-116,100
Miami Heat,Memphis Grizzlies,-435,355
Miami Heat,Milwaukee Bucks,-119,104
Miami Heat,Houston Rockets,165,-192
Miami Heat,Orlando Magic,-400,320
Miami Heat,Charlotte Hornets,-172,150
Miami Heat,Sacramento Kings,-455,371
Miami Heat,Milwaukee Bucks,-125,108
Miami Heat,Utah Jazz,-167,145
Miami Heat,New York Knicks,-233,200
Miami Heat,Detroit Pistons,-185,161
Miami Heat,Brooklyn Nets,-238,206
Miami Heat,Orlando Magic,-357,298
Miami Heat,New Orleans Pelicans,140,-159
Miami Heat,Dallas Mavericks,104,-120
Miami Heat,Los Angeles Clippers,-244,212
Miami Heat,Portland Trail Blazers,-147,129
Miami Heat,Golden State Warriors,426,-556
Miami Heat,Charlotte Hornets,-125,110
Miami Heat,Boston Celtics,106,-122
Miami Heat,Indiana Pacers,-217,185
Miami Heat,Washington Wizards,-125,108
Miami Heat,Chicago Bulls,-556,428
Miami Heat,Minnesota Timberwolves,133,-152
Miami Heat,Boston Celtics,139,-156
Miami Heat,San Antonio Spurs,138,-156
Miami Heat,Atlanta Hawks,-714,531
Miami Heat,Indiana Pacers,-455,369
Miami Heat,Washington Wizards,-110,-111
Miami Heat,Charlotte Hornets,-189,152
Miami Heat,Atlanta Hawks,-278,222
Milwaukee Bucks,Boston Celtics,-200,172
Milwaukee Bucks,Boston Celtics,-233,198
Milwaukee Bucks,Boston Celtics,-213,185
Milwaukee Bucks,Orlando Magic,-588,445
Milwaukee Bucks,Brooklyn Nets,-500,387
Milwaukee Bucks,Boston Celtics,-185,162
Milwaukee Bucks,San Antonio Spurs,108,-125
Milwaukee Bucks,Los Angeles Clippers,-217,186
Milwaukee Bucks,Atlanta Hawks,-769,554
Milwaukee Bucks,New York Knicks,-526,418
Milwaukee Bucks,Houston Rockets,202,-238
Milwaukee Bucks,Philadelphia 76ers,100,-116
Milwaukee Bucks,Indiana Pacers,-164,143
Milwaukee Bucks,Washington Wizards,-145,125
Milwaukee Bucks,New Orleans Pelicans,-182,160
Milwaukee Bucks,Denver Nuggets,-133,117
Milwaukee Bucks,Atlanta Hawks,-312,262
Milwaukee Bucks,New York Knicks,-189,164
Milwaukee Bucks,Philadelphia 76ers,-263,225
Milwaukee Bucks,Brooklyn Nets,-256,218
Milwaukee Bucks,Phoenix Suns,-217,186
Milwaukee Bucks,Miami Heat,-185,163
Milwaukee Bucks,Golden State Warriors,168,-196
Milwaukee Bucks,Orlando Magic,-625,467
Milwaukee Bucks,Toronto Raptors,-112,-102
Milwaukee Bucks,Indiana Pacers,-323,274
Milwaukee Bucks,Minnesota Timberwolves,-169,149
Milwaukee Bucks,Chicago Bulls,-286,241
Milwaukee Bucks,Charlotte Hornets,-196,172
Milwaukee Bucks,Cleveland Cavaliers,102,-118
Milwaukee Bucks,Chicago Bulls,-385,315
Milwaukee Bucks,Utah Jazz,-119,104
Milwaukee Bucks,Dallas Mavericks,-278,236
Milwaukee Bucks,Detroit Pistons,-175,154
Milwaukee Bucks,Sacramento Kings,-1000,727
Milwaukee Bucks,Washington Wizards,-156,137
Milwaukee Bucks,Detroit Pistons,-185,161
Milwaukee Bucks,Memphis Grizzlies,-154,136
Milwaukee Bucks,Los Angeles Lakers,-250,211
Milwaukee Bucks,Oklahoma City Thunder,120,-137
Milwaukee Bucks,Boston Celtics,-182,159
Milwaukee Bucks,Charlotte Hornets,-263,227
Milwaukee Bucks,Portland Trail Blazers,-152,133
Milwaukee Bucks,Cleveland Cavaliers,-108,-106
Milwaukee Bucks,Detroit Pistons,-192,154
Milwaukee Bucks,Indiana Pacers,-175,146
Minnesota Timberwolves,Houston Rockets,209,-244
Minnesota Timberwolves,Houston Rockets,209,-244
Minnesota Timberwolves,Denver Nuggets,-164,145
Minnesota Timberwolves,Memphis Grizzlies,-2500,1262
Minnesota Timberwolves,Utah Jazz,125,-143
Minnesota Timberwolves,Atlanta Hawks,-1111,794
Minnesota Timberwolves,Memphis Grizzlies,-1429,931
Minnesota Timberwolves,Los Angeles Clippers,-164,145
Minnesota Timberwolves,Houston Rockets,268,-323
Minnesota Timberwolves,Golden State Warriors,139,-159
Minnesota Timberwolves,Boston Celtics,118,-135
Minnesota Timberwolves,Chicago Bulls,-303,252
Minnesota Timberwolves,Los Angeles Lakers,-526,413
Minnesota Timberwolves,Houston Rockets,142,-164
Minnesota Timberwolves,Sacramento Kings,-1111,738
Minnesota Timberwolves,New Orleans Pelicans,-370,301
Minnesota Timberwolves,Milwaukee Bucks,-250,210
Minnesota Timberwolves,Brooklyn Nets,-769,562
Minnesota Timberwolves,Toronto Raptors,-101,-111
Minnesota Timberwolves,Portland Trail Blazers,-250,211
Minnesota Timberwolves,New York Knicks,-417,340
Minnesota Timberwolves,Oklahoma City Thunder,-189,164
Minnesota Timberwolves,Cleveland Cavaliers,-104,-111
Minnesota Timberwolves,New Orleans Pelicans,-119,102
Minnesota Timberwolves,Los Angeles Lakers,-500,399
Minnesota Timberwolves,Denver Nuggets,-208,177
Minnesota Timberwolves,Portland Trail Blazers,-185,161
Minnesota Timberwolves,Phoenix Suns,-833,611
Minnesota Timberwolves,Sacramento Kings,-625,484
Minnesota Timberwolves,Philadelphia 76ers,-189,164
Minnesota Timberwolves,Dallas Mavericks,-323,272
Minnesota Timberwolves,Los Angeles Clippers,-769,574
Minnesota Timberwolves,Washington Wizards,-213,181
Minnesota Timberwolves,Phoenix Suns,-667,504
Minnesota Timberwolves,Miami Heat,-182,159
Minnesota Timberwolves,Orlando Magic,-263,227
Minnesota Timberwolves,Detroit Pistons,-227,196
Minnesota Timberwolves,San Antonio Spurs,-196,168
Minnesota Timberwolves,Charlotte Hornets,-192,167
Minnesota Timberwolves,Dallas Mavericks,-833,583
Minnesota Timberwolves,Oklahoma City Thunder,112,-130
Minnesota Timberwolves,Indiana Pacers,-714,546
Minnesota Timberwolves,Utah Jazz,-185,161
Minnesota Timberwolves,Golden State Warriors,186,-233
New Orleans Pelicans,Golden State Warriors,215,-256
New Orleans Pelicans,Golden State Warriors,185,-217
New Orleans Pelicans,Portland Trail Blazers,-270,231
New Orleans Pelicans,Portland Trail Blazers,-161,143
New Orleans Pelicans,San Antonio Spurs,-156,137
New Orleans Pelicans,Memphis Grizzlies,-1429,886
New Orleans Pelicans,Oklahoma City Thunder,-102,-112
New Orleans Pelicans,Portland Trail Blazers,102,-119
New Orleans Pelicans,Los Angeles Lakers,-141,122
New Orleans Pelicans,Indiana Pacers,-115,100
New Orleans Pelicans,Dallas Mavericks,-286,245
New Orleans Pelicans,Boston Celtics,-149,131
New Orleans Pelicans,Houston Rockets,326,-400
New Orleans Pelicans,Charlotte Hornets,-200,172
New Orleans Pelicans,Utah Jazz,106,-123
New Orleans Pelicans,Washington Wizards,139,-159
New Orleans Pelicans,Phoenix Suns,-312,258
New Orleans Pelicans,Miami Heat,-128,112
New Orleans Pelicans,Los Angeles Lakers,-217,185
New Orleans Pelicans,Utah Jazz,-108,-106
New Orleans Pelicans,Sacramento Kings,-417,343
New Orleans Pelicans,Los Angeles Clippers,-128,112
New Orleans Pelicans,Houston Rockets,162,-185
New Orleans Pelicans,Chicago Bulls,-270,229
New Orleans Pelicans,Memphis Grizzlies,-417,338
New Orleans Pelicans,Portland Trail Blazers,-167,145
New Orleans Pelicans,Detroit Pistons,-238,202
New Orleans Pelicans,New York Knicks,-222,188
New Orleans Pelicans,Dallas Mavericks,-263,225
New Orleans Pelicans,Brooklyn Nets,-435,351
New Orleans Pelicans,Milwaukee Bucks,-133,116
New Orleans Pelicans,Philadelphia 76ers,-270,229
New Orleans Pelicans,Sacramento Kings,-455,373
New Orleans Pelicans,Denver Nuggets,-213,183
New Orleans Pelicans,Golden State Warriors,330,-400
New Orleans Pelicans,Minnesota Timberwolves,-244,209
New Orleans Pelicans,San Antonio Spurs,-115,100
New Orleans Pelicans,Oklahoma City Thunder,121,-137
New Orleans Pelicans,Toronto Raptors,-145,125
New Orleans Pelicans,Atlanta Hawks,-400,334
New Orleans Pelicans,Los Angeles Clippers,-233,197
New Orleans Pelicans,Minnesota Timberwolves,-128,112
New Orleans Pelicans,Orlando Magic,-294,250
New Orleans Pelicans,Cleveland Cavaliers,122,-141
New Orleans Pelicans,Golden State Warriors,355,-435
New Orleans Pelicans,Chicago Bulls,-323,252
New York Knicks,Cleveland Cavaliers,693,-1000
New York Knicks,Milwaukee Bucks,323,-400
New York Knicks,Miami Heat,357,-435
New York Knicks,Orlando Magic,-114,-102
New York Knicks,Detroit Pistons,169,-196
New York Knicks,Minnesota Timberwolves,268,-312
New York Knicks,Chicago Bulls,-208,177
New York Knicks,Charlotte Hornets,225,-263
New York Knicks,Philadelphia 76ers,445,-556
New York Knicks,Dallas Mavericks,-109,-106
New York Knicks,Toronto Raptors,433,-556
New York Knicks,Golden State Warriors,718,-1000
New York Knicks,Boston Celtics,189,-222
New York Knicks,Washington Wizards,161,-185
New York Knicks,Milwaukee Bucks,-119,102
New York Knicks,Atlanta Hawks,-227,196
New York Knicks,Brooklyn Nets,-227,196
New York Knicks,New Orleans Pelicans,116,-133
New York Knicks,Chicago Bulls,-200,174
New York Knicks,San Antonio Spurs,181,-208
New York Knicks,Philadelphia 76ers,-101,-112
New York Knicks,Boston Celtics,127,-145
New York Knicks,Oklahoma City Thunder,159,-182
New York Knicks,Los Angeles Lakers,-139,121
New York Knicks,Atlanta Hawks,-227,195
New York Knicks,Memphis Grizzlies,-125,110
New York Knicks,Orlando Magic,121,-137
New York Knicks,Miami Heat,-120,104
New York Knicks,Portland Trail Blazers,108,-123
New York Knicks,Toronto Raptors,150,-172
New York Knicks,Los Angeles Clippers,112,-128
New York Knicks,Utah Jazz,-169,149
New York Knicks,Cleveland Cavaliers,185,-217
New York Knicks,Sacramento Kings,-256,219
New York Knicks,Charlotte Hornets,116,-133
New York Knicks,Indiana Pacers,-103,-112
New York Knicks,Phoenix Suns,-175,154
New York Knicks,Houston Rockets,196,-227
New York Knicks,Denver Nuggets,156,-179
New York Knicks,Brooklyn Nets,-135,117
New York Knicks,Detroit Pistons,104,-120
New York Knicks,Washington Wizards,209,-270
New York Knicks,Houston Rockets,285,-370
New York Knicks,Brooklyn Nets,-172,143
Oklahoma City Thunder,Utah Jazz,-145,125
Oklahoma City Thunder,Utah Jazz,-169,148
Oklahoma City Thunder,Utah Jazz,-196,170
Oklahoma City Thunder,Memphis Grizzlies,-3333,1598
Oklahoma City Thunder,Golden State Warriors,-175,154
Oklahoma City Thunder,Denver Nuggets,-172,152
Oklahoma City Thunder,Portland Trail Blazers,-169,150
Oklahoma City Thunder,Miami Heat,-263,224
Oklahoma City Thunder,Los Angeles Clippers,-244,211
Oklahoma City Thunder,Sacramento Kings,-1429,914
Oklahoma City Thunder,San Antonio Spurs,-175,152
Oklahoma City Thunder,Phoenix Suns,-667,501
Oklahoma City Thunder,Houston Rockets,177,-208
Oklahoma City Thunder,Orlando Magic,-625,468
Oklahoma City Thunder,Cleveland Cavaliers,-154,135
Oklahoma City Thunder,Memphis Grizzlies,-185,162
Oklahoma City Thunder,Los Angeles Lakers,-500,390
Oklahoma City Thunder,New Orleans Pelicans,-250,211
Oklahoma City Thunder,Philadelphia 76ers,-156,137
Oklahoma City Thunder,Washington Wizards,-213,181
Oklahoma City Thunder,Brooklyn Nets,-556,430
Oklahoma City Thunder,Los Angeles Lakers,-500,384
Oklahoma City Thunder,Sacramento Kings,-909,657
Oklahoma City Thunder,Portland Trail Blazers,-357,291
Oklahoma City Thunder,Dallas Mavericks,-312,265
Oklahoma City Thunder,Milwaukee Bucks,-244,212
Oklahoma City Thunder,Toronto Raptors,-164,144
Oklahoma City Thunder,Houston Rockets,-127,110
Oklahoma City Thunder,Atlanta Hawks,-667,503
Oklahoma City Thunder,Utah Jazz,-333,280
Oklahoma City Thunder,Denver Nuggets,-204,177
Oklahoma City Thunder,Charlotte Hornets,-323,270
Oklahoma City Thunder,Utah Jazz,-345,286
Oklahoma City Thunder,San Antonio Spurs,-345,284
Oklahoma City Thunder,Minnesota Timberwolves,-222,191
Oklahoma City Thunder,Detroit Pistons,-370,311
Oklahoma City Thunder,Golden State Warriors,190,-222
Oklahoma City Thunder,Chicago Bulls,-1000,711
Oklahoma City Thunder,Dallas Mavericks,-556,428
Oklahoma City Thunder,Los Angeles Clippers,-213,184
Oklahoma City Thunder,Boston Celtics,-250,214
Oklahoma City Thunder,Indiana Pacers,-1000,724
Oklahoma City Thunder,Minnesota Timberwolves,-179,156
Oklahoma City Thunder,New York Knicks,-833,602
Oklahoma City Thunder,New Orleans Pelicans,-238,189
Oklahoma City Thunder,Houston Rockets,206,-256
Orlando Magic,Washington Wizards,219,-256
Orlando Magic,Charlotte Hornets,262,-312
Orlando Magic,Dallas Mavericks,-130,114
Orlando Magic,Chicago Bulls,-263,223
Orlando Magic,Brooklyn Nets,127,-145
Orlando Magic,Phoenix Suns,-312,258
Orlando Magic,Philadelphia 76ers,309,-370
Orlando Magic,Toronto Raptors,380,-476
Orlando Magic,Boston Celtics,229,-270
Orlando Magic,Milwaukee Bucks,447,-588
Orlando Magic,Memphis Grizzlies,-286,241
Orlando Magic,Detroit Pistons,119,-137
Orlando Magic,Toronto Raptors,359,-455
Orlando Magic,New York Knicks,-159,139
Orlando Magic,Charlotte Hornets,206,-238
Orlando Magic,Milwaukee Bucks,175,-204
Orlando Magic,Atlanta Hawks,108,-125
Orlando Magic,Cleveland Cavaliers,246,-294
Orlando Magic,Washington Wizards,158,-182
Orlando Magic,Los Angeles Lakers,131,-152
Orlando Magic,Sacramento Kings,-312,260
Orlando Magic,Minnesota Timberwolves,311,-385
Orlando Magic,Cleveland Cavaliers,347,-435
Orlando Magic,Houston Rockets,259,-303
Orlando Magic,Miami Heat,102,-118
Orlando Magic,Detroit Pistons,147,-169
Orlando Magic,New Orleans Pelicans,204,-238
Orlando Magic,Portland Trail Blazers,158,-182
Orlando Magic,Los Angeles Clippers,-103,-111
Orlando Magic,Denver Nuggets,-125,108
Orlando Magic,Atlanta Hawks,-250,215
Orlando Magic,Golden State Warriors,478,-625
Orlando Magic,Oklahoma City Thunder,204,-238
Orlando Magic,Indiana Pacers,-161,143
Orlando Magic,Utah Jazz,-250,212
Orlando Magic,New York Knicks,-370,305
Orlando Magic,Boston Celtics,138,-159
Orlando Magic,Chicago Bulls,-323,273
Orlando Magic,San Antonio Spurs,181,-213
Orlando Magic,Brooklyn Nets,-192,167
Orlando Magic,Miami Heat,145,-164
Orlando Magic,Cleveland Cavaliers,112,-139
Orlando Magic,Miami Heat,-132,108
Orlando Magic,Dallas Mavericks,-244,192
Philadelphia 76ers,Boston Celtics,-323,271
Philadelphia 76ers,Boston Celtics,-476,390
Philadelphia 76ers,Miami Heat,-625,480
Philadelphia 76ers,Miami Heat,-294,249
Philadelphia 76ers,Miami Heat,-244,210
Philadelphia 76ers,Milwaukee Bucks,-263,224
Philadelphia 76ers,Dallas Mavericks,-1429,874
Philadelphia 76ers,Cleveland Cavaliers,-161,140
Philadelphia 76ers,Brooklyn Nets,-417,334
Philadelphia 76ers,New York Knicks,-1429,982
Philadelphia 76ers,Denver Nuggets,-213,183
Philadelphia 76ers,Minnesota Timberwolves,-370,305
Philadelphia 76ers,Memphis Grizzlies,-1111,769
Philadelphia 76ers,Charlotte Hornets,-417,338
Philadelphia 76ers,Brooklyn Nets,-400,324
Philadelphia 76ers,Indiana Pacers,-263,223
Philadelphia 76ers,Charlotte Hornets,-161,142
Philadelphia 76ers,Orlando Magic,-526,413
Philadelphia 76ers,Miami Heat,-200,175
Philadelphia 76ers,New York Knicks,-667,522
Philadelphia 76ers,Los Angeles Clippers,-192,167
Philadelphia 76ers,New Orleans Pelicans,-233,200
Philadelphia 76ers,Washington Wizards,-263,224
Philadelphia 76ers,Miami Heat,-175,152
Philadelphia 76ers,Chicago Bulls,-233,198
Philadelphia 76ers,Milwaukee Bucks,-303,257
Philadelphia 76ers,Toronto Raptors,110,-125
Philadelphia 76ers,Boston Celtics,110,-128
Philadelphia 76ers,Detroit Pistons,-222,191
Philadelphia 76ers,San Antonio Spurs,-164,144
Philadelphia 76ers,Toronto Raptors,147,-167
Philadelphia 76ers,Sacramento Kings,-370,303
Philadelphia 76ers,Oklahoma City Thunder,-115,100
Philadelphia 76ers,Los Angeles Lakers,-370,301
Philadelphia 76ers,Phoenix Suns,-500,412
Philadelphia 76ers,Detroit Pistons,-179,156
Philadelphia 76ers,Washington Wizards,-286,242
Philadelphia 76ers,Cleveland Cavaliers,-130,114
Philadelphia 76ers,Orlando Magic,-213,184
Philadelphia 76ers,Portland Trail Blazers,-167,145
Philadelphia 76ers,Utah Jazz,-222,195
Philadelphia 76ers,Golden State Warriors,338,-417
Philadelphia 76ers,Indiana Pacers,-192,162
Philadelphia 76ers,Atlanta Hawks,-312,258
Philadelphia 76ers,Houston Rockets,140,-159
Philadelphia 76ers,Boston Celtics,-143,125
Philadelphia 76ers,Miami Heat,-175,144
Philadelphia 76ers,Boston Celtics,154,-192
Philadelphia 76ers,Memphis Grizzlies,-323,246
Phoenix Suns,Golden State Warriors,600,-833
Phoenix Suns,New Orleans Pelicans,690,-1000
Phoenix Suns,Sacramento Kings,123,-141
Phoenix Suns,Los Angeles Clippers,520,-667
Phoenix Suns,Boston Celtics,497,-625
Phoenix Suns,Detroit Pistons,249,-294
Phoenix Suns,Golden State Warriors,173,-200
Phoenix Suns,Cleveland Cavaliers,261,-312
Phoenix Suns,Oklahoma City Thunder,295,-357
Phoenix Suns,Portland Trail Blazers,231,-278
Phoenix Suns,Los Angeles Clippers,192,-222
Phoenix Suns,Denver Nuggets,257,-303
Phoenix Suns,San Antonio Spurs,483,-625
Phoenix Suns,Charlotte Hornets,218,-256
Phoenix Suns,Utah Jazz,204,-238
Phoenix Suns,Dallas Mavericks,125,-143
Phoenix Suns,New York Knicks,-101,-114
Phoenix Suns,Indiana Pacers,139,-159
Phoenix Suns,Houston Rockets,240,-286
Phoenix Suns,Oklahoma City Thunder,305,-370
Phoenix Suns,Atlanta Hawks,-111,-104
Phoenix Suns,Philadelphia 76ers,140,-159
Phoenix Suns,Memphis Grizzlies,104,-119
Phoenix Suns,Minnesota Timberwolves,274,-333
Phoenix Suns,Memphis Grizzlies,134,-152
Phoenix Suns,Toronto Raptors,581,-769
Phoenix Suns,San Antonio Spurs,184,-213
Phoenix Suns,Washington Wizards,220,-256
Phoenix Suns,New Orleans Pelicans,217,-250
Phoenix Suns,Milwaukee Bucks,110,-125
Phoenix Suns,Chicago Bulls,-135,118
Phoenix Suns,Houston Rockets,666,-909
Phoenix Suns,Los Angeles Lakers,-114,-101
Phoenix Suns,Minnesota Timberwolves,388,-500
Phoenix Suns,Orlando Magic,142,-161
Phoenix Suns,Miami Heat,204,-238
Phoenix Suns,Brooklyn Nets,-103,-111
Phoenix Suns,Utah Jazz,257,-303
Phoenix Suns,Sacramento Kings,118,-133
Phoenix Suns,Los Angeles Lakers,-161,142
Phoenix Suns,Portland Trail Blazers,110,-127
Phoenix Suns,Portland Trail Blazers,247,-323
Phoenix Suns,Utah Jazz,-204,165
Portland Trail Blazers,New Orleans Pelicans,-278,235
Portland Trail Blazers,New Orleans Pelicans,-233,199
Portland Trail Blazers,Utah Jazz,-132,116
Portland Trail Blazers,Memphis Grizzlies,-2000,1185
Portland Trail Blazers,Los Angeles Clippers,-256,216
Portland Trail Blazers,Boston Celtics,-333,278
Portland Trail Blazers,Houston Rockets,161,-185
Portland Trail Blazers,Detroit Pistons,-435,355
Portland Trail Blazers,Cleveland Cavaliers,-233,202
Portland Trail Blazers,Miami Heat,-244,206
Portland Trail Blazers,Golden State Warriors,-111,-104
Portland Trail Blazers,New York Knicks,-556,433
Portland Trail Blazers,Oklahoma City Thunder,-196,170
Portland Trail Blazers,Minnesota Timberwolves,-208,179
Portland Trail Blazers,Sacramento Kings,-909,656
Portland Trail Blazers,Golden State Warriors,217,-256
Portland Trail Blazers,Utah Jazz,-167,145
Portland Trail Blazers,Charlotte Hornets,-154,134
Portland Trail Blazers,Chicago Bulls,-357,298
Portland Trail Blazers,Minnesota Timberwolves,-154,136
Portland Trail Blazers,Dallas Mavericks,-213,181
Portland Trail Blazers,Indiana Pacers,-189,164
Portland Trail Blazers,Phoenix Suns,-625,475
Portland Trail Blazers,San Antonio Spurs,-114,-101
Portland Trail Blazers,Atlanta Hawks,-294,249
Portland Trail Blazers,Philadelphia 76ers,106,-120
Portland Trail Blazers,Denver Nuggets,106,-122
Portland Trail Blazers,San Antonio Spurs,-139,121
Portland Trail Blazers,Houston Rockets,299,-357
Portland Trail Blazers,Washington Wizards,-227,197
Portland Trail Blazers,New Orleans Pelicans,-294,250
Portland Trail Blazers,Milwaukee Bucks,-172,152
Portland Trail Blazers,Sacramento Kings,-833,589
Portland Trail Blazers,Orlando Magic,-200,175
Portland Trail Blazers,Denver Nuggets,-127,112
Portland Trail Blazers,Brooklyn Nets,-385,316
Portland Trail Blazers,Memphis Grizzlies,-139,122
Portland Trail Blazers,Oklahoma City Thunder,127,-145
Portland Trail Blazers,Los Angeles Lakers,-238,206
Portland Trail Blazers,Toronto Raptors,-169,147
Portland Trail Blazers,Phoenix Suns,-769,570
Portland Trail Blazers,Los Angeles Clippers,-128,112
Portland Trail Blazers,New Orleans Pelicans,-192,167
Portland Trail Blazers,Toronto Raptors,-169,138
Portland Trail Blazers,Phoenix Suns,-250,200
Sacramento Kings,Houston Rockets,-125,110
Sacramento Kings,Golden State Warriors,345,-435
Sacramento Kings,Indiana Pacers,309,-370
Sacramento Kings,Dallas Mavericks,-141,124
Sacramento Kings,Boston Celtics,235,-278
Sacramento Kings,Atlanta Hawks,-161,139
Sacramento Kings,Detroit Pistons,152,-172
Sacramento Kings,Miami Heat,246,-294
Sacramento Kings,Orlando Magic,-145,125
Sacramento Kings,New Orleans Pelicans,200,-233
Sacramento Kings,New York Knicks,129,-149
Sacramento Kings,Utah Jazz,252,-303
Sacramento Kings,Brooklyn Nets,121,-139
Sacramento Kings,Minnesota Timberwolves,175,-204
Sacramento Kings,Los Angeles Lakers,106,-123
Sacramento Kings,Oklahoma City Thunder,303,-370
Sacramento Kings,Portland Trail Blazers,174,-204
Sacramento Kings,Chicago Bulls,-130,112
Sacramento Kings,Dallas Mavericks,159,-182
Sacramento Kings,Golden State Warriors,844,-1250
Sacramento Kings,Utah Jazz,152,-175
Sacramento Kings,Los Angeles Clippers,147,-169
Sacramento Kings,San Antonio Spurs,181,-213
Sacramento Kings,Denver Nuggets,283,-333
Sacramento Kings,Charlotte Hornets,150,-172
Sacramento Kings,Memphis Grizzlies,-133,116
Sacramento Kings,Phoenix Suns,-145,127
Sacramento Kings,Cleveland Cavaliers,359,-455
Sacramento Kings,San Antonio Spurs,212,-250
Sacramento Kings,Phoenix Suns,-179,156
Sacramento Kings,Toronto Raptors,326,-400
Sacramento Kings,Milwaukee Bucks,217,-250
Sacramento Kings,Los Angeles Clippers,156,-182
Sacramento Kings,Los Angeles Lakers,-115,100
Sacramento Kings,Denver Nuggets,177,-204
Sacramento Kings,Portland Trail Blazers,229,-270
Sacramento Kings,Philadelphia 76ers,204,-238
Sacramento Kings,Oklahoma City Thunder,457,-588
Sacramento Kings,Washington Wizards,245,-294
Sacramento Kings,New Orleans Pelicans,-110,-104
Sacramento Kings,Houston Rockets,246,-286
Sacramento Kings,Portland Trail Blazers,206,-263
Sacramento Kings,San Antonio Spurs,100,-125
San Antonio Spurs,Golden State Warriors,239,-286
San Antonio Spurs,Golden State Warriors,143,-161
San Antonio Spurs,Sacramento Kings,-1667,989
San Antonio Spurs,Portland Trail Blazers,-213,184
San Antonio Spurs,Houston Rockets,-104,-110
San Antonio Spurs,Oklahoma City Thunder,-119,102
San Antonio Spurs,Utah Jazz,-156,138
San Antonio Spurs,Washington Wizards,-222,190
San Antonio Spurs,Golden State Warriors,-345,285
San Antonio Spurs,Minnesota Timberwolves,-182,160
San Antonio Spurs,New Orleans Pelicans,-185,162
San Antonio Spurs,Orlando Magic,-667,496
San Antonio Spurs,Memphis Grizzlies,-1111,726
San Antonio Spurs,Los Angeles Lakers,-217,187
San Antonio Spurs,New Orleans Pelicans,-196,167
San Antonio Spurs,Utah Jazz,-263,224
San Antonio Spurs,Houston Rockets,118,-135
San Antonio Spurs,Denver Nuggets,-278,236
San Antonio Spurs,Sacramento Kings,-769,577
San Antonio Spurs,Philadelphia 76ers,-167,146
San Antonio Spurs,Cleveland Cavaliers,120,-137
San Antonio Spurs,Indiana Pacers,-238,200
San Antonio Spurs,Denver Nuggets,-312,259
San Antonio Spurs,Phoenix Suns,-769,569
San Antonio Spurs,New York Knicks,-625,478
San Antonio Spurs,Brooklyn Nets,-833,593
San Antonio Spurs,Los Angeles Clippers,-714,551
San Antonio Spurs,Dallas Mavericks,-244,212
San Antonio Spurs,Boston Celtics,-137,120
San Antonio Spurs,Miami Heat,-333,280
San Antonio Spurs,Detroit Pistons,-167,146
San Antonio Spurs,Memphis Grizzlies,-385,323
San Antonio Spurs,Dallas Mavericks,-435,359
San Antonio Spurs,Atlanta Hawks,-417,338
San Antonio Spurs,Oklahoma City Thunder,104,-119
San Antonio Spurs,Chicago Bulls,-556,434
San Antonio Spurs,Milwaukee Bucks,-192,167
San Antonio Spurs,Los Angeles Clippers,-169,150
San Antonio Spurs,Phoenix Suns,-476,380
San Antonio Spurs,Charlotte Hornets,-189,166
San Antonio Spurs,Golden State Warriors,285,-345
San Antonio Spurs,Toronto Raptors,-143,125
San Antonio Spurs,Minnesota Timberwolves,-116,100
San Antonio Spurs,Orlando Magic,-455,334
San Antonio Spurs,Denver Nuggets,-105,-115
San Antonio Spurs,Sacramento Kings,-244,191
Team Stephen,Team LeBron,116,-135
Team USA,Team World,-119,102
Toronto Raptors,Cleveland Cavaliers,-286,243
Toronto Raptors,Cleveland Cavaliers,-278,235
Toronto Raptors,Washington Wizards,-303,257
Toronto Raptors,Washington Wizards,-303,252
Toronto Raptors,Washington Wizards,-370,309
Toronto Raptors,Orlando Magic,-714,545
Toronto Raptors,Indiana Pacers,-333,281
Toronto Raptors,Boston Celtics,-323,271
Toronto Raptors,Denver Nuggets,-400,325
Toronto Raptors,Los Angeles Clippers,-417,333
Toronto Raptors,Brooklyn Nets,-769,599
Toronto Raptors,Oklahoma City Thunder,-256,218
Toronto Raptors,Dallas Mavericks,-714,533
Toronto Raptors,Houston Rockets,131,-152
Toronto Raptors,Atlanta Hawks,-1111,750
Toronto Raptors,Charlotte Hornets,-417,340
Toronto Raptors,Detroit Pistons,-625,488
Toronto Raptors,Milwaukee Bucks,-312,267
Toronto Raptors,Miami Heat,-370,308
Toronto Raptors,New York Knicks,-1250,836
Toronto Raptors,Boston Celtics,-208,181
Toronto Raptors,Memphis Grizzlies,-714,536
Toronto Raptors,Portland Trail Blazers,-192,168
Toronto Raptors,Minnesota Timberwolves,-263,225
Toronto Raptors,Los Angeles Lakers,-588,468
Toronto Raptors,Utah Jazz,-385,313
Toronto Raptors,San Antonio Spurs,-244,206
Toronto Raptors,Detroit Pistons,-385,318
Toronto Raptors,Golden State Warriors,192,-227
Toronto Raptors,Cleveland Cavaliers,121,-139
Toronto Raptors,Miami Heat,-179,154
Toronto Raptors,Milwaukee Bucks,-238,202
Toronto Raptors,Atlanta Hawks,-625,495
Toronto Raptors,Philadelphia 76ers,-345,285
Toronto Raptors,Sacramento Kings,-833,615
Toronto Raptors,Brooklyn Nets,-1000,697
Toronto Raptors,Phoenix Suns,-1250,871
Toronto Raptors,Indiana Pacers,-286,244
Toronto Raptors,Charlotte Hornets,-312,262
Toronto Raptors,Washington Wizards,-263,225
Toronto Raptors,New York Knicks,-323,272
Toronto Raptors,New Orleans Pelicans,-208,179
Toronto Raptors,Chicago Bulls,-714,527
Toronto Raptors,Washington Wizards,-256,221
Toronto Raptors,Philadelphia 76ers,-435,345
Toronto Raptors,Chicago Bulls,-1111,790
Toronto Raptors,Detroit Pistons,-256,198
Toronto Raptors,Los Angeles Clippers,-125,104
Utah Jazz,Houston Rockets,224,-263
Utah Jazz,Houston Rockets,170,-196
Utah Jazz,Oklahoma City Thunder,-286,241
Utah Jazz,Oklahoma City Thunder,-204,175
Utah Jazz,Oklahoma City Thunder,-213,185
Utah Jazz,Golden State Warriors,-345,284
Utah Jazz,Los Angeles Clippers,-333,276
Utah Jazz,Los Angeles Lakers,-833,603
Utah Jazz,Memphis Grizzlies,-2500,1272
Utah Jazz,Boston Celtics,-526,430
Utah Jazz,Atlanta Hawks,-1667,1022
Utah Jazz,Sacramento Kings,-2000,1217
Utah Jazz,Phoenix Suns,-1667,1003
Utah Jazz,Detroit Pistons,-417,332
Utah Jazz,Orlando Magic,-526,408
Utah Jazz,Minnesota Timberwolves,-303,254
Utah Jazz,Houston Rockets,-101,-115
Utah Jazz,Dallas Mavericks,-526,419
Utah Jazz,Portland Trail Blazers,-189,163
Utah Jazz,Phoenix Suns,-714,530
Utah Jazz,San Antonio Spurs,-175,154
Utah Jazz,Charlotte Hornets,-244,206
Utah Jazz,Golden State Warriors,297,-357
Utah Jazz,Los Angeles Clippers,-141,123
Utah Jazz,New York Knicks,-222,191
Utah Jazz,Indiana Pacers,-196,174
Utah Jazz,New Orleans Pelicans,-110,-104
Utah Jazz,Cleveland Cavaliers,134,-152
Utah Jazz,Oklahoma City Thunder,-118,102
Utah Jazz,San Antonio Spurs,117,-132
Utah Jazz,Houston Rockets,216,-256
Utah Jazz,Washington Wizards,-167,146
Utah Jazz,New Orleans Pelicans,135,-154
Utah Jazz,Denver Nuggets,-105,-109
Utah Jazz,Milwaukee Bucks,-110,-104
Utah Jazz,Chicago Bulls,-400,329
Utah Jazz,Minnesota Timberwolves,129,-147
Utah Jazz,Brooklyn Nets,-286,238
Utah Jazz,Miami Heat,-147,127
Utah Jazz,Philadelphia 76ers,-256,219
Utah Jazz,Toronto Raptors,-122,106
Utah Jazz,Portland Trail Blazers,-164,144
Utah Jazz,Dallas Mavericks,-357,294
Utah Jazz,Los Angeles Lakers,-625,480
Utah Jazz,Oklahoma City Thunder,161,-185
Utah Jazz,Denver Nuggets,-139,122
Utah Jazz,Phoenix Suns,-196,158
Washington Wizards,Toronto Raptors,112,-128
Washington Wizards,Toronto Raptors,104,-119
Washington Wizards,Toronto Raptors,-111,-102
Washington Wizards,Boston Celtics,-323,272
Washington Wizards,Atlanta Hawks,-667,523
Washington Wizards,Charlotte Hornets,-256,219
Washington Wizards,San Antonio Spurs,112,-128
Washington Wizards,New York Knicks,-667,507
Washington Wizards,Denver Nuggets,-120,104
Washington Wizards,Indiana Pacers,-189,163
Washington Wizards,Minnesota Timberwolves,-154,135
Washington Wizards,Miami Heat,-169,149
Washington Wizards,Indiana Pacers,-172,150
Washington Wizards,Toronto Raptors,144,-164
Washington Wizards,Golden State Warriors,337,-417
Washington Wizards,Philadelphia 76ers,-120,104
Washington Wizards,Charlotte Hornets,-161,142
Washington Wizards,Boston Celtics,112,-128
Washington Wizards,Toronto Raptors,152,-175
Washington Wizards,Oklahoma City Thunder,140,-161
Washington Wizards,Milwaukee Bucks,-213,183
Washington Wizards,Brooklyn Nets,-476,374
Washington Wizards,Orlando Magic,-667,509
Washington Wizards,Utah Jazz,-345,287
Washington Wizards,Milwaukee Bucks,-156,138
Washington Wizards,New York Knicks,-455,368
Washington Wizards,Chicago Bulls,-345,283
Washington Wizards,Houston Rockets,112,-128
Washington Wizards,Orlando Magic,-833,631
Washington Wizards,New Orleans Pelicans,-135,118
Washington Wizards,Cleveland Cavaliers,-127,110
Washington Wizards,Los Angeles Clippers,-526,422
Washington Wizards,Memphis Grizzlies,-312,262
Washington Wizards,Detroit Pistons,-106,-109
Washington Wizards,Portland Trail Blazers,-182,156
Washington Wizards,Miami Heat,-189,165
Washington Wizards,Sacramento Kings,-667,522
Washington Wizards,Atlanta Hawks,-526,401
Washington Wizards,Los Angeles Lakers,-500,413
Washington Wizards,Dallas Mavericks,-526,409
Washington Wizards,Cleveland Cavaliers,-149,129
Washington Wizards,Phoenix Suns,-667,523
Washington Wizards,Detroit Pistons,-263,224
Washington Wizards,Philadelphia 76ers,-278,233
Washington Wizards,Cleveland Cavaliers,-294,231
Washington Wizards,New York Knicks,-278,217